exchange,symbol,portfolio
eurex,EXD,DIVDELTA_DE
eurex,EXD-MID,DIVDELTA_DE
eurex,EXD-MID2,DIVDELTA_DE
eurex,EXD-MID3,DIVDELTA_DE
eurex,EXD-MID4,DIVDELTA_DE
eurex,EXD-MID5,DIVDELTA_DE
eurex,SXPESG,DIVDELTA_DE
eurex,SXEBANKS,DIVDELTA_DE
eurex,EBD,DIVDELTA_DE
eurex,SXPBANKS,DIVDELTA_DE
eurex,SXEEDV,DIVDELTA_DE
eurex,SXPXXP,DIVDELTA_DE
eurex,ESX,DIVDELTA_DE
eurex,EXD,FAKE_DIVDELTA_DE
eurex,EXD-MID,FAKE_DIVDELTA_DE
eurex,EXD-MID2,FAKE_DIVDELTA_DE
eurex,EXD-MID3,FAKE_DIVDELTA_DE
eurex,EXD-MID4,FAKE_DIVDELTA_DE
eurex,EXD-MID5,FAKE_DIVDELTA_DE
eurex,ESTR-MID2,EURORATES_DE
eurex,ESTR-MID,EURORATES_DE
eurex,ESTR,EURORATES_DE
eurex,EURIBOR,EURORATES_DE
eurex,EURIBOR-MID3,EURORATES_DE
eurex,EURIBOR-MID,EURORATES_DE
eurex,EURIBOR-MID2,EURORATES_DE
eurex,EURIBOR-MID3,MOCK_EURORATES_DE
eurex,EURIBOR,MOCK_EURORATES_DE
eurex,EURIBOR-MID2,MOCK_EURORATES_DE
eurex,EURIBOR,SE_PROP_DE
eurex,ESTR-MID3,SE_PROP_DE
eurex,EURIBOR-MID3,SE_PROP_DE
eurex,ESTR,SE_PROP_DE
eurex,ESTR-MID2,SE_PROP_DE
eurex,ESTR-MID,SE_PROP_DE
eurex,EURIBOR-MID,SE_PROP_DE
eurex,EURIBOR-MID2,SE_PROP_DE
eurex,BUXL,EURORATES_DE
eurex,SHAZ,EURORATES_DE
eurex,BUND,EURORATES_DE
eurex,BOBL,EURORATES_DE
eurex,ESTR,EURORATES_DE_VT
eurex,ESTR-MID2,EURORATES_DE_VT
eurex,EURIBOR-MID,EURORATES_DE_VT
eurex,EURIBOR-MID3,EURORATES_DE_VT
eurex,EURIBOR-MID2,EURORATES_DE_VT
eurex,EURIBOR,EURORATES_DE_VT
eurex,ESTR-MID,EURORATES_DE_VT
eurex,BTP2,FIPROP
eurex,BUXL,FIPROP
eurex,BUXL,FIPROP_MDA
eurex,SHAZ,FIPROP_MDA
eurex,BTP,FIPROP_MDA
eurex,OAT,FIPROP_MDA
eurex,BTP2,FIPROP_MDA
eurex,BOBL,FIPROP_MDA
eurex,BUND,FIPROP_MDA
eurex,BUXL,MOCK_EURORATES_DE
eurex,OAT,FIXEDINCOME_FAKEFIXED
eurex,BTP,FIXEDINCOME_FAKEFIXED
eurex,BUND,JNR_FIPROP_DE
eurex,BOBL,ROLLS_DE
eurex,BUND,ROLLS_DE
eurex,BUXL,ROLLS_DE
eurex,SHAZ,FIPROP
eurex,BUND,FIPROP
eurex,BOBL,FIPROP
eurex,BTP,FIPROP
eurex,OAT,FIPROP
eurex,SHAZ,FIPROP_VT
eurex,BTP,FIPROP_VT
eurex,BOBL,FIPROP_VT
eurex,BUND,FIPROP_VT
eurex,OAT,FIPROP_VT
eurex,OAT,FIXEDINCOME_DE
eurex,BUXL,FIXEDINCOME_DE
eurex,BUND,FIXEDINCOME_DE
eurex,SHAZ,FIXEDINCOME_DE
eurex,BOBL,FIXEDINCOME_DE
eurex,BOBL,FIXEDINCOME_SANDBOX_VT
eurex,BUND,FIXEDINCOME_SANDBOX_VT
eurex,OAT,FIXEDINCOME_SANDBOX_VT
eurex,BTP,FIXEDINCOME_SANDBOX_VT
eurex,BUXL,FIXEDINCOME_SANDBOX_VT
eurex,SHAZ,FIXEDINCOME_SANDBOX_VT
eurex,BUND,FIXEDM_DE
eurex,BOBL,FIXEDVT_DE
eurex,BUND,FIXEDVT_DE
eurex,SHAZ,FIXEDVT_DE
eurex,BUXL,FIXEDVT_DE
eurex,BUND,JNR_FIXEDINCOME_DE
eurex,SHAZ,MOCK_EURORATES_DE
eurex,BUND,MOCK_EURORATES_DE
eurex,BOBL,MOCK_EURORATES_DE
eurex,OAT,ROLLS_DE
eurex,BTP2,FIXEDINCOME_DE
eurex,BTP,FIXEDINCOME_DE
eurex,BTP,ROLLS_DE
eurex,BTP2,ROLLS_DE
eurex,ESX,FIXEDINCOME_ESX
eurex,SHAZ,ROLLS_DE
eurex,SHAZ,FIXEDINCOME_FAKEFIXED
eurex,BUXL,FIXEDINCOME_FAKEFIXED
eurex,BUND,FIXEDINCOME_FAKEFIXED
eurex,BOBL,FIXEDINCOME_FAKEFIXED
eurex,OAT,FIXEDVT_DE
eurex,BTP,FIXEDVT_DE
eurex,DAXM,RED_TEST
eurex,DAX,RED_TEST
eurex,SMI,RED_TEST
eurex,BUND,RED
eurex,DAX,RED
eurex,SXETECH,RED
eurex,SXPTECH,RED
eurex,BOBL,RED
eurex,ESX,RED
eurex,SHAZ,RED
eurex,ESX,RED_TEST
eurex,8TRA_GY,RED
eurex,NOK,RED
eurex,SXEUTIL,RED
eurex,ABBS,RED
eurex,ENR,RED
eurex,WACK,RED
eurex,LDO_IM,RED
eurex,PSM,RED
eurex,ADVV_GY,RED
eurex,VSX,RED
eurex,DWS_GY,RED
eurex,COPMA_DE,RED
eurex,MORG_DE,RED
eurex,VAR1,RED
eurex,HOT,RED
eurex,SXEOIL,RED
eurex,DHER,RED
eurex,CEO,RED
eurex,BOSS,RED
eurex,ABBN,RED
eurex,GXI,RED
eurex,BEI,RED
eurex,AH,RED
eurex,PHIL,RED
eurex,ARCAD,RED
eurex,ING,RED
eurex,TKA-X,RED
eurex,ARCM,RED
eurex,SAF,RED
eurex,CARRE,RED
eurex,SU,RED
eurex,SHA,RED
eurex,VIVENDI,RED
eurex,ABEA_GY,RED
eurex,SMI,RED
eurex,SGO,RED
eurex,DTE,RED
eurex,TUI,RED
eurex,TFD,RED
eurex,TKA,RED
eurex,AUR,RED
eurex,EOA,RED
eurex,HEIG,RED
eurex,ELK,RED
eurex,UL,RED
eurex,APC_GY,RED
eurex,SXPCONS,RED
eurex,NFC_GY,RED
eurex,DAXM,RED
eurex,HLE,RED
eurex,SOW4,RED
eurex,TL0_GY,RED
eurex,HLAG_GY,RED
eurex,AIRP,RED
eurex,ABIB,RED
eurex,SHEALTH,RED
eurex,KOSPI,RED
eurex,1COV_DE,RED
eurex,TLX,RED
eurex,FTE,RED
eurex,EI,RED
eurex,IFX,RED
eurex,FIEG_DE,RED
eurex,MSF_GY,RED
eurex,NORD,RED
eurex,HHUL,RED
eurex,SIXG_DE,RED
eurex,FB2A_GY,RED
eurex,AIX,RED
eurex,FRES,RED
eurex,GBF,RED
eurex,KRNG_DE,RED
eurex,NORD-R,RED
eurex,TAGI,RED
eurex,G1A,RED
eurex,AMZ_GY,RED
eurex,DEQ,RED
eurex,EAD,RED
eurex,EVK,RED
eurex,ADV_GY,RED
eurex,BC8G_DE,RED
eurex,MEO,RED
eurex,SAE_GY,RED
eurex,SAX_GY,RED
eurex,SY1,RED
eurex,DWN,RED
eurex,VTSC,RED
eurex,DTG_GY,RED
eurex,DPW,RED
eurex,LHA,RED
eurex,ZAL,RED
eurex,TMV,RED
eurex,RWE,RED
eurex,BMW,RED
eurex,MUV2,RED
eurex,FPORT,RED
eurex,SZG,RED
eurex,DBK,RED
eurex,SAP,RED
eurex,LEGIM,RED
eurex,SXEBANKS,RED
eurex,HNR1,RED
eurex,PUM,RED
eurex,LXS,RED
eurex,HDD,RED
eurex,GSZ,RED
eurex,LOREAL,RED
eurex,DAN,RED
eurex,RHM,RED
eurex,DRW3,RED
eurex,BTAG,RED
eurex,GLJ,RED
eurex,KCO,RED
eurex,DEZG_DE,RED
eurex,FRN,RED
eurex,KGX,RED
eurex,S92_GY,RED
eurex,POR3,RED
eurex,FME,RED
eurex,EVT,RED
eurex,LPK_GY,RED
eurex,DUE,RED
eurex,JUNG_P_DE,RED
eurex,VINCI,RED
eurex,UN,RED
eurex,ELF,RED
eurex,ADYEN,RED
eurex,SZU,RED
eurex,BAS,RED
eurex,SDF,RED
eurex,SIE,RED
eurex,CON,RED
eurex,VOW3,RED
eurex,CBK,RED
eurex,ALV,RED
eurex,BAY,RED
eurex,ASML,RED
eurex,DB1,RED
eurex,DCX,RED
eurex,MERC,RED
eurex,RDS,RED
eurex,TKMS_GY,RED
eurex,ADJ,RED
eurex,EIE3,RED
eurex,AXAF,RED
eurex,VNA,RED
eurex,HFG,RED
eurex,HEN3,RED
eurex,SOC-GEN,RED
eurex,LVMH,RED
eurex,AAR,RED
eurex,LEO,RED
eurex,BNP,RED
eurex,MTX,RED
eurex,WDI,RED
eurex,SAN-SYN,RED
eurex,JEN_GY,RED
eurex,ADS,RED
eurex,WDI,RED_TEST
eurex,DTE,RED_TEST
eurex,TUI,VTSTOCKS_DE
eurex,SHA,VTSTOCKS_DE
eurex,HAG,VTSTOCKS_DE
eurex,DTG_GY,VTSTOCKS_DE
eurex,AMS,VTSTOCKS_DE
eurex,FTSETF,VTSTOCKS_DE
eurex,TCFP,VTSTOCKS_DE
eurex,RHM,VTSTOCKS_DE
eurex,AIX,VTSTOCKS_DE
eurex,TEF,VTSTOCKS_DE
eurex,AT1,VTSTOCKS_DE
eurex,ESX,VTSTOCKS_DE
eurex,IBE,VTSTOCKS_DE
eurex,ITX,VTSTOCKS_DE
eurex,DPW,VTSTOCKS_DE
eurex,FRES,VTSTOCKS_DE
eurex,SAP,VTSTOCKS_DE
eurex,ABIB,VTSTOCKS_DE
eurex,DCX-X,VTSTOCKS_DE
eurex,DTE,VTSTOCKS_DE
eurex,ENR,VTSTOCKS_DE
eurex,VOW3,VTSTOCKS_DE
eurex,EVT,VTSTOCKS_DE
eurex,EOAX,VTSTOCKS_DE
eurex,SDF,VTSTOCKS_DE
eurex,MTX,VTSTOCKS_DE
eurex,EOA,VTSTOCKS_DE
eurex,LXS,VTSTOCKS_DE
eurex,VNA,VTSTOCKS_DE
eurex,SAN_SM,VTSTOCKS_DE
eurex,RWE,VTSTOCKS_DE
eurex,DTG,VTSTOCKS_DE
eurex,BAY,VTSTOCKS_DE
eurex,BAS,VTSTOCKS_DE
eurex,P911,VTSTOCKS_DE
eurex,BBVA,VTSTOCKS_DE
eurex,DB1,VTSTOCKS_DE
eurex,SZG,VTSTOCKS_DE
eurex,DCX,VTSTOCKS_DE
eurex,DBK,VTSTOCKS_DE
eurex,CBK,VTSTOCKS_DE
eurex,ZAL,VTSTOCKS_DE
eurex,ADS,VTSTOCKS_DE
eurex,TAGI,VTSTOCKS_DE
eurex,EVK,VTSTOCKS_DE
eurex,CON,VTSTOCKS_DE
eurex,MUV2,VTSTOCKS_DE
eurex,IFX,VTSTOCKS_DE
eurex,POR3,VTSTOCKS_DE
eurex,LHA,VTSTOCKS_DE
eurex,SIE,VTSTOCKS_DE
eurex,MORG_DE,VTSTOCKS_DE
eurex,VIVENDIX,VTSTOCKS_DE
eurex,1COV_DE,VTSTOCKS_DE
eurex,BMW,VTSTOCKS_DE
eurex,ALV,VTSTOCKS_DE
eurex,PSM,VTSTOCKS_DE
eurex,F,VTSTOCKS_DE
eurex,AH,VTSTOCKS_DE
eurex,AXAF,VTSTOCKS_DE
eurex,SGO,VTSTOCKS_DE
eurex,AC,VTSTOCKS_DE
eurex,VIE,VTSTOCKS_DE
eurex,STLA_IM,VTSTOCKS_DE
eurex,RMS,VTSTOCKS_DE
eurex,FTE,VTSTOCKS_DE
eurex,VINCI,VTSTOCKS_DE
eurex,CARRE,VTSTOCKS_DE
eurex,ALO,VTSTOCKS_DE
eurex,EAD,VTSTOCKS_DE
eurex,ELF,VTSTOCKS_DE
eurex,EI,VTSTOCKS_DE
eurex,PHIL,VTSTOCKS_DE
eurex,GSZ,VTSTOCKS_DE
eurex,SAN-SYN,VTSTOCKS_DE
eurex,SU,VTSTOCKS_DE
eurex,NOK,VTSTOCKS_DE
eurex,BNP,VTSTOCKS_DE
eurex,SAX,VTSTOCKS_DE
eurex,AIRP,VTSTOCKS_DE
eurex,PRX_NA,VTSTOCKS_DE
eurex,UN,VTSTOCKS_DE
eurex,ADYEN,VTSTOCKS_DE
eurex,PERN,VTSTOCKS_DE
eurex,STLA,VTSTOCKS_DE
eurex,LVMH,VTSTOCKS_DE
eurex,ARCM,VTSTOCKS_DE
eurex,LOREAL,VTSTOCKS_DE
eurex,CRAG,VTSTOCKS_DE
eurex,DAST,VTSTOCKS_DE
eurex,SAF,VTSTOCKS_DE
eurex,UL,VTSTOCKS_DE
eurex,PIN-PRIN,VTSTOCKS_DE
eurex,STM,VTSTOCKS_DE
eurex,ING,VTSTOCKS_DE
eurex,ASML,VTSTOCKS_DE
eurex,RDS,VTSTOCKS_DE
eurex,VIVENDI,VTSTOCKS_DE
eurex,UMG,VTSTOCKS_DE
eurex,DAN,VTSTOCKS_DE
eurex,SOC-GEN,VTSTOCKS_DE
eurex,SXECONS,STOCKS_DE
eurex,SXPCONS,STOCKS_DE
eurex,SXPBASIC,STOCKS_DE
eurex,SXPPERS,STOCKS_DE
eurex,SXEBANKS,STOCKS_DE
eurex,SXEBASIC,STOCKS_DE
eurex,SXEAUTO,STOCKS_DE
eurex,SXPTELCO,STOCKS_DE
eurex,SXPREAL,STOCKS_DE
eurex,SXEENRGY,STOCKS_DE
eurex,SXPENRGY,STOCKS_DE
eurex,SXPXXP,STOCKS_DE
eurex,SXETELCO,STOCKS_DE
eurex,SXETOBAC,STOCKS_DE
eurex,SXPMEDIA,STOCKS_DE
eurex,SXPOIL,STOCKS_DE
eurex,SXEPERS,STOCKS_DE
eurex,SXPINSUR,STOCKS_DE
eurex,SXETECH,STOCKS_DE
eurex,SXEFOOD,STOCKS_DE
eurex,SXERETL,STOCKS_DE
eurex,SXEREAL,STOCKS_DE
eurex,SXEINSUR,STOCKS_DE
eurex,SXEMEDIA,STOCKS_DE
eurex,SXECHEM,STOCKS_DE
eurex,SXEUTIL,STOCKS_DE
eurex,SXPCHEM,STOCKS_DE
eurex,SXPTRVL,STOCKS_DE
eurex,SXPFINS,STOCKS_DE
eurex,SXPINDU,STOCKS_DE
eurex,SXEHLTH,STOCKS_DE
eurex,SXPRETL,STOCKS_DE
eurex,SXPAUTO,STOCKS_DE
eurex,SXEOIL,STOCKS_DE
eurex,SXPHLTH,STOCKS_DE
eurex,SXEFINS,STOCKS_DE
eurex,SXEINDU,STOCKS_DE
eurex,SXPUTIL,STOCKS_DE
eurex,SXETRVL,STOCKS_DE
eurex,SXPTECH,STOCKS_DE
eurex,SXPFOOD,STOCKS_DE
eurex,SXPBANKS,STOCKS_DE
euronext,AEX,BLUE
euronext,AIRP,BLUE
euronext,AGS,BLUE
euronext,ASML,TEST_BLUE
euronext,ADYEN,TEST_BLUE
euronext,ING,TEST_BLUE
euronext,CSG_NA,BLUE
euronext,AXAF,BLUE
euronext,AC,BLUE
euronext,ASRNL,BLUE
euronext,ALFEN,BLUE
euronext,AMG,BLUE
euronext,AALB,BLUE
euronext,ALO,BLUE
euronext,ARG,BLUE
euronext,AF,BLUE
euronext,APAM,BLUE
euronext,AGN,BLUE
euronext,ABIB,BLUE
euronext,ABN,BLUE
euronext,ADYEN,BLUE
euronext,AH,BLUE
euronext,AKZ,BLUE
euronext,ARCM,BLUE
euronext,ASM,BLUE
euronext,ASM-M,BLUE
euronext,ASML-M,BLUE
euronext,ASML,BLUE
euronext,AZM,BLUE
euronext,A2A,BLUE
euronext,FCT_IM,BLUE
euronext,IF_IM,BLUE
euronext,SES_IM,BLUE
euronext,BZU_IM,BLUE
euronext,AMP_IM,BLUE
euronext,STLA,STOCKS_FR
euronext,SAF,STOCKS_FR
euronext,SOC-GEN,STOCKS_FR
euronext,AC,STOCKS_FR
euronext,LOREAL,STOCKS_FR
euronext,VINCI,STOCKS_FR
euronext,UMG,STOCKS_FR
euronext,FRVIA,STOCKS_FR
euronext,FTE,STOCKS_FR
euronext,PRX_NA,STOCKS_FR
euronext,BNP,STOCKS_FR
euronext,ING,STOCKS_FR
euronext,LDO_IM,STOCKS_FR
euronext,GSZ,STOCKS_FR
euronext,FCT_IM,STOCKS_FR
euronext,VIVENDI,STOCKS_FR
euronext,WLN_FP,STOCKS_FR
euronext,UMI,STOCKS_FR
euronext,DAST,STOCKS_FR
euronext,ARCM,STOCKS_FR
euronext,SAX,STOCKS_FR
euronext,INW,STOCKS_FR
euronext,BAMI,STOCKS_FR
euronext,FCB,STOCKS_FR
euronext,G,STOCKS_FR
euronext,BIT,STOCKS_FR
euronext,ENI,STOCKS_FR
euronext,AZM,STOCKS_FR
euronext,MB,STOCKS_FR
euronext,UC,STOCKS_FR
euronext,VIE-R,STOCKS_FR
euronext,RNO,STOCKS_FR
euronext,EN,STOCKS_FR
euronext,FR,STOCKS_FR
euronext,STLA_IM,STOCKS_FR
euronext,RMS,STOCKS_FR
euronext,PHIL,STOCKS_FR
euronext,PERN,STOCKS_FR
euronext,NEXI,STOCKS_FR
euronext,AXAF,STOCKS_FR
euronext,PST,STOCKS_FR
euronext,RACE_IM,STOCKS_FR
euronext,MONC_IM,STOCKS_FR
euronext,PRY,STOCKS_FR
euronext,ENEL,STOCKS_FR
euronext,HEI,STOCKS_FR
euronext,EDF,STOCKS_FR
euronext,SW,STOCKS_FR
euronext,SU,STOCKS_FR
euronext,DAN,STOCKS_FR
euronext,LVMH,STOCKS_FR
euronext,VK,STOCKS_FR
euronext,UBI,STOCKS_FR
euronext,SGO,STOCKS_FR
euronext,ELF,STOCKS_FR
euronext,ABIB,STOCKS_FR
euronext,VIE-X,STOCKS_FR
euronext,CRAG,STOCKS_FR
euronext,STM,STOCKS_FR
euronext,RDS,STOCKS_FR
euronext,PIN-PRIN,STOCKS_FR
euronext,LG,STOCKS_FR
euronext,AIRP,STOCKS_FR
euronext,ADYEN,STOCKS_FR
euronext,AF,STOCKS_FR
euronext,ALO,STOCKS_FR
euronext,CARRE,STOCKS_FR
euronext,CAPP,STOCKS_FR
euronext,TCFP,STOCKS_FR
euronext,UL,STOCKS_FR
euronext,PLX,STOCKS_FR
euronext,ML,STOCKS_FR
euronext,EDF-X,STOCKS_FR
euronext,NOK,STOCKS_FR
euronext,EZBANK,STOCKS_FR
euronext,EAD,STOCKS_FR
euronext,VIE,STOCKS_FR
euronext,EI,STOCKS_FR
euronext,AIRP-X,STOCKS_FR
euronext,SAN-SYN,STOCKS_FR
euronext,DIA_IM,STOCKS_FR
euronext,AMP_IM,STOCKS_FR
euronext,BC_IM,STOCKS_FR
euronext,BGN_IM,STOCKS_FR
euronext,BMED_IM,STOCKS_FR
euronext,BPE_IM,STOCKS_FR
euronext,BZU_IM,STOCKS_FR
euronext,CPR_IM,STOCKS_FR
euronext,ERG_IM,STOCKS_FR
euronext,IF_IM,STOCKS_FR
euronext,IP_IM,STOCKS_FR
euronext,PIRC_IM,STOCKS_FR
euronext,REY_IM,STOCKS_FR
euronext,SES_IM,STOCKS_FR
euronext,SPM_IM,STOCKS_FR
euronext,SRG_IM,STOCKS_FR
euronext,TEN_IM,STOCKS_FR
euronext,TIT_IM,STOCKS_FR
euronext,TRN_IM,STOCKS_FR
euronext,UNI_IM,STOCKS_FR
euronext,D_AEX,TEST_BLUE
euronext,RDS,TEST_BLUE
euronext,UN-X,TEST_BLUE
euronext,UN,TEST_BLUE
euronext,AALB,TEST_BLUE
euronext,AEX,TEST_BLUE
euronext,PHIL,TEST_BLUE
euronext,STM,BLUE
euronext,RDS,BLUE
euronext,SAF,BLUE
euronext,SBMO,BLUE
euronext,SEVI,BLUE
euronext,RNO,BLUE
euronext,SYENS,BLUE
euronext,SOLB,BLUE
euronext,REN,BLUE
euronext,SOC-GEN,BLUE
euronext,RACE_IM,BLUE
euronext,REC_IM,BLUE
euronext,STLA_IM,BLUE
euronext,SRG_IM,BLUE
euronext,SPM_IM,BLUE
euronext,RSTD,BLUE
euronext,GJF,BLUE
euronext,DNB,BLUE
euronext,HEIJ,BLUE
euronext,CAPP,BLUE
euronext,DSM,BLUE
euronext,DAST,BLUE
euronext,FTE,BLUE
euronext,CRAG,BLUE
euronext,CAC,BLUE
euronext,DSFIR,BLUE
euronext,DAN,BLUE
euronext,GSZ,BLUE
euronext,FTE-X,BLUE
euronext,EXO,BLUE
euronext,FTSE,BLUE
euronext,CSMNC,BLUE
euronext,FUZ,BLUE
euronext,EDF,BLUE
euronext,EAD,BLUE
euronext,CARRE,BLUE
euronext,GLPG_BR,BLUE
euronext,EI,BLUE
euronext,ELF,BLUE
euronext,CDI,BLUE
euronext,FUR,BLUE
euronext,HEI,BLUE
euronext,HER_IM,BLUE
euronext,FCB,BLUE
euronext,ERG_IM,BLUE
euronext,ENEL,BLUE
euronext,ENI,BLUE
euronext,CPR_IM,BLUE
euronext,DIA_IM,BLUE
euronext,G,BLUE
euronext,BFIT,BLUE
euronext,BINCK_AS,BLUE
euronext,BNP,BLUE
euronext,BRUN_AS,BLUE
euronext,BAMNB,BLUE
euronext,BESI-M,BLUE
euronext,BESI,BLUE
euronext,BPSO,BLUE
euronext,BGN_IM,BLUE
euronext,BAMI,BLUE
euronext,BIT,BLUE
euronext,BMPS,BLUE
euronext,BMED_IM,BLUE
euronext,BC_IM,BLUE
euronext,BPE_IM,BLUE
euronext,ORDI,BLUE
euronext,KBC,BLUE
euronext,ML,BLUE
euronext,ORK,BLUE
euronext,IMCD_AS,BLUE
euronext,NYR,BLUE
euronext,LIGHT,BLUE
euronext,LVMH,BLUE
euronext,MONC_MI,BLUE
euronext,PTNL,BLUE
euronext,NHY,BLUE
euronext,MELE,BLUE
euronext,LOREAL,BLUE
euronext,PIN-PRIN,BLUE
euronext,KPN,BLUE
euronext,ING,BLUE
euronext,IVG_IM,BLUE
euronext,IP_IM,BLUE
euronext,PRY,BLUE
euronext,MONC_IM,BLUE
euronext,MB,BLUE
euronext,LDO_IM,BLUE
euronext,NEXI,BLUE
euronext,IG,BLUE
euronext,PIRC_IM,BLUE
euronext,PST,BLUE
euronext,INW,BLUE
euronext,REY_IM,BLUE
euronext,STM_IM,BLUE
euronext,MIB30,BLUE
euronext,NN_AS,BLUE
euronext,PHIL,BLUE
euronext,PRX_NA,BLUE
euronext,TWKNC_AS,BLUE
euronext,TOM2,BLUE
euronext,WKL,BLUE
euronext,VPK,BLUE
euronext,UCB,BLUE
euronext,UL,BLUE
euronext,UMG,BLUE
euronext,VIVENDI,BLUE
euronext,WEHA,BLUE
euronext,VINCI,BLUE
euronext,TKWY,BLUE
euronext,TOM,BLUE
euronext,UMI,BLUE
euronext,YAR,BLUE
euronext,UC,BLUE
euronext,TIT_IM,BLUE
euronext,TRN_IM,BLUE
euronext,TEN_IM,BLUE
euronext,UNI_IM,BLUE
euronext,UN-X,BLUE
euronext,TMICC,BLUE
euronext,MICC,BLUE
euronext,UN,BLUE
canada,TLRY1_CN,MAPLE
canada,UUN_CN,MAPLE
canada,MFI2_CN,MAPLE
canada,VLE_CN,MAPLE
canada,TMQ_CN,MAPLE
canada,SKE_CN,MAPLE
canada,ARIS_CN,MAPLE
canada,EFX_CN,MAPLE
canada,ELD_CN,MAPLE
canada,GMIN_CN,MAPLE
canada,DPM_CN,MAPLE
canada,ELVA_CN,MAPLE
canada,DML_CN,MAPLE
canada,DSV_CN,MAPLE
canada,VNP_CN,MAPLE
canada,SDE_CN,MAPLE
canada,CHPU_CN,MAPLE
canada,NFI_CN,MAPLE
canada,GWO_CN,MAPLE
canada,BIPU1_CN,MAPLE
canada,HWX_CN,MAPLE
canada,LIF_CN,MAPLE
canada,IAG_CN,MAPLE
canada,TRP_CN,MAPLE
canada,ZSP_CN,MAPLE
canada,TCLA_CN-X,MAPLE
canada,IVN_CN,MAPLE
canada,ACB_CN,MAPLE
canada,LAC_CN,MAPLE
canada,MX_CN,MAPLE
canada,BTCC_CN,MAPLE
canada,IMO_CN,MAPLE
canada,ERO_CN,MAPLE
canada,BIR_CN,MAPLE
canada,EMA_CN,MAPLE
canada,MTL_CN,MAPLE
canada,IMG_CN,MAPLE
canada,IFC_CN,MAPLE
canada,RING_CN,MAPLE
canada,PPLN_CN,MAPLE
canada,TD_CN,MAPLE
canada,EDV_CN,MAPLE
canada,FEC_CN,MAPLE
canada,PBH_CN,MAPLE
canada,CVE_CN,MAPLE
canada,CJ_CN,MAPLE
canada,CG_CN,MAPLE
canada,OSK_CN,MAPLE
canada,ALA_CN,MAPLE
canada,BCE_CN,TEST_MAPLE
canada,TXG_CN,MAPLE
canada,CRON_CN,MAPLE
canada,FM_CN,MAPLE
canada,PAAS_CN,MAPLE
canada,RBA_CN,MAPLE
canada,WTE_CN,MAPLE
canada,OTEX_CN,MAPLE
canada,NVEI_CN,MAPLE
canada,DOL_CN,MAPLE
canada,BB_CN,MAPLE
canada,STN_CN,MAPLE
canada,SU_CN,MAPLE
canada,CVE1_CN,MAPLE
canada,T_CN,MAPLE
canada,EFR_CN,MAPLE
canada,PRMW_CN,MAPLE
canada,RNW_CN,MAPLE
canada,VGCX_CN,MAPLE
canada,LB_CN,MAPLE
canada,DND_CN,MAPLE
canada,BBDB_CN,MAPLE
canada,LUN_CN,MAPLE
canada,LSPD_CN,MAPLE
canada,ILLM_CN,MAPLE
canada,OBE_CN,MAPLE
canada,OLA_CN,MAPLE
canada,TRI_CN,MAPLE
canada,ATZ_CN,MAPLE
canada,SIS_CN,MAPLE
canada,MFI_CN,MAPLE
canada,FOOD_CN,MAPLE
canada,POW_CN,MAPLE
canada,NTR_CN,MAPLE
canada,MRU_CN,MAPLE
canada,CIA_CN,MAPLE
canada,BAM_CN,MAPLE
canada,OR_CN,MAPLE
canada,BN_CN,MAPLE
canada,CJRB_CN,MAPLE
canada,OVV_CN,MAPLE
canada,WFT_CN,MAPLE
canada,WPM_CN,MAPLE
canada,CP_CN,MAPLE
canada,BCE_CN,MAPLE
canada,BIPU_CN,MAPLE
canada,REAL_CN,MAPLE
canada,SEA_CN,MAPLE
canada,CM_CN,MAPLE
canada,HBM_CN,MAPLE
canada,ACQ_CN,MAPLE
canada,AC_CN,MAPLE
canada,BEPU_CN,MAPLE
canada,INE1_CN,MAPLE
canada,PSLV_CN,MAPLE
canada,PHYS_CN,MAPLE
canada,TOU_CN-X,MAPLE
canada,PAAS1_CN,MAPLE
canada,PAAS2_CN,MAPLE
canada,CPKR_CN,MAPLE
canada,AAUC_CN,MAPLE
canada,GRGD_CN,MAPLE
canada,CEU_CN,MAPLE
canada,BN1_CN,MAPLE
canada,TFPM_CN,MAPLE
canada,OGC1_CN,MAPLE
canada,XFN_CN,MAPLE
canada,POU_CN_T,TEST_MAPLE
canada,POU_CN-X,MAPLE
canada,POU_CN,MAPLE
canada,AYA_CN,MAPLE
canada,EQB_CN,MAPLE
canada,ETHH_CN,MAPLE
canada,CM_CN,TEST_MAPLE
canada,BMO_CN,TEST_MAPLE
canada,AMZN_CN,MAPLE
canada,BNS_CN,TEST_MAPLE
canada,DU1_CN,MAPLE
canada,LAC1_CN,MAPLE
canada,TRI1_CN,MAPLE
canada,TSX,INDEXPROP_CAN
canada,CORRA,MAPLE
canada,PET_CN,MAPLE
canada,CWB_CN,TEST_MAPLE
canada,AAV_CN,MAPLE
canada,LB_CN,TEST_MAPLE
canada,AMD_CN,MAPLE
canada,ATRL_CN,MAPLE
canada,NWC_CN,MAPLE
canada,TRP1_CN,MAPLE
canada,CS_CN,MAPLE
canada,WFG_CN,MAPLE
canada,ATS_CN,MAPLE
canada,ATD_CN,MAPLE
canada,KRR1_CN,MAPLE
canada,CLCM_CN,MAPLE
canada,TSX,MAPLE
canada,SOBO_CN,MAPLE
canada,CJT_CN,MAPLE
canada,INE_CN,MAPLE
canada,BLX_CN,MAPLE
canada,ZUT_CN,MAPLE
canada,VRN_CN,MAPLE
canada,AAPL_CN,MAPLE
canada,LUG1_CN,MAPLE
canada,CNQ_CN-X,MAPLE
canada,PRMW2_CN,MAPLE
canada,PRMB_US,MAPLE
canada,PRMW1_CN,MAPLE
canada,XIU_CN,INDEXPROP_CAN
canada,BAMR_CN,MAPLE
canada,XEG_CN,MAPLE
canada,FOM_CN,MAPLE
canada,SHOP_CN,TEST_MAPLE
canada,AG_CN,MAPLE
canada,TA1_CN,MAPLE
canada,GOOG_CN,MAPLE
canada,META_CN,MAPLE
canada,COST_CN,MAPLE
canada,TSLA_CN,MAPLE
canada,BNREA_CN,MAPLE
canada,LAAC_CN,MAPLE
canada,ZIU_CN,MAPLE
canada,NVDA_CN,MAPLE
canada,BRK_CN,MAPLE
canada,MSFT_CN,MAPLE
canada,WCP1_CN,MAPLE
canada,ZEB_CN,INDEXPROP_CAN
canada,CORRA,INDEXPROP_CAN
canada,CLC_CN,MAPLE
canada,NA_CN,TEST_MAPLE
canada,TD_CN,TEST_MAPLE
canada,CIX_CN,MAPLE
canada,BLDP_CN,MAPLE
canada,BEPC_CN,MAPLE
canada,QBRB_CN,MAPLE
canada,LNR_CN,MAPLE
canada,PYR_CN,MAPLE
canada,TOU_CN,MAPLE
canada,IFP_CN,MAPLE
canada,CAE_CN,MAPLE
canada,DFY_CN,MAPLE
canada,BPYP_CN,MAPLE
canada,TLRY_CN,MAPLE
canada,CPG_CN,MAPLE
canada,SAP_CN,MAPLE
canada,FR_CN,MAPLE
canada,SHOP_CN,MAPLE
canada,BIPC_CN,MAPLE
canada,TCLA_CN,MAPLE
canada,QSR_CN,MAPLE
canada,FTS_CN,MAPLE
canada,TVE_CN,MAPLE
canada,ENB_CN,MAPLE
canada,NA_CN,MAPLE
canada,CTCA_CN,MAPLE
canada,PXT_CN,MAPLE
canada,RY_CN,MAPLE
canada,GIL_CN,MAPLE
canada,WEED_CN,MAPLE
canada,ECN_CN,MAPLE
canada,PEY_CN,MAPLE
canada,FNV_CN,MAPLE
canada,CFP_CN,MAPLE
canada,FVI_CN,MAPLE
canada,PPL_CN,MAPLE
canada,K_CN,MAPLE
canada,NPI_CN,MAPLE
canada,STLC_CN,MAPLE
canada,IGM_CN,MAPLE
canada,CTS_CN,MAPLE
canada,ARE_CN,MAPLE
canada,PSK_CN,MAPLE
canada,SLF_CN,MAPLE
canada,SJRB_CN,MAPLE
canada,GRTU_CN,MAPLE
canada,CCO_CN,MAPLE
canada,X_CN,MAPLE
canada,GFL_CN,MAPLE
canada,PD_CN,MAPLE
canada,LEV_CN,MAPLE
canada,FRU_CN,MAPLE
canada,SVI_CN,MAPLE
canada,SJ_CN,MAPLE
canada,RUS_CN,MAPLE
canada,HMMJ_CN,MAPLE
canada,KXS_CN,MAPLE
canada,FTT_CN,MAPLE
canada,ONEX_CN,MAPLE
canada,GIBA_CN,MAPLE
canada,CNR_CN,MAPLE
canada,CPX_CN,MAPLE
canada,TA_CN,MAPLE
canada,VFF_CN,MAPLE
canada,DU_CN,MAPLE
canada,EFN_CN,MAPLE
canada,GEI_CN,MAPLE
canada,AD_CN,MAPLE
canada,MRE_CN,MAPLE
canada,VET_CN,MAPLE
canada,WCP_CN,MAPLE
canada,XIU_CN,MAPLE
canada,BDGI_CN,MAPLE
canada,BMO_CN,MAPLE
canada,NCM_CN,MAPLE
canada,WCN_CN,MAPLE
canada,TIH_CN,MAPLE
canada,NGD_CN,MAPLE
canada,TFII_CN,MAPLE
canada,TRST_CN,MAPLE
canada,CGX_CN,MAPLE
canada,WN_CN,MAPLE
canada,KNT_CN,MAPLE
canada,SSRM_CN,MAPLE
canada,AEM_CN,MAPLE
canada,TPZ_CN,MAPLE
canada,EGLX_CN,MAPLE
canada,TECKB_CN,MAPLE
canada,CNQ_CN,MAPLE
canada,MG_CN,MAPLE
canada,CCA_CN,MAPLE
canada,DOO_CN,MAPLE
canada,CVE_CN-W,MAPLE
canada,REIU_CN,MAPLE
canada,SES_CN,MAPLE
canada,CWEB_CN,MAPLE
canada,MAXR_CN,MAPLE
canada,WELL_CN,MAPLE
canada,BTE_CN,MAPLE
canada,BHC_CN,MAPLE
canada,HCG_CN,MAPLE
canada,LUG_CN,MAPLE
canada,AGI_CN,MAPLE
canada,YRI_CN,MAPLE
canada,PKI_CN,MAPLE
canada,ARX_CN,MAPLE
canada,BBDB1_CN,MAPLE
canada,H_CN,MAPLE
canada,CHEU_CN,MAPLE
canada,L_CN,MAPLE
canada,RBA1_CN,MAPLE
canada,OGC_CN,MAPLE
canada,MFC_CN,MAPLE
canada,UNS_CN,MAPLE
canada,GOOS_CN,MAPLE
canada,EMPA_CN,MAPLE
canada,CU_CN,MAPLE
canada,SNC_CN,MAPLE
canada,BNS_CN,MAPLE
canada,ZEB_CN,MAPLE
canada,TOY_CN,MAPLE
canada,RCIB_CN,MAPLE
canada,TIXT_CN,MAPLE
canada,KEY_CN,MAPLE
canada,APU_CN,MAPLE
canada,CLS_CN,MAPLE
canada,WDO_CN,MAPLE
canada,ABX_CN,MAPLE
canada,PAAS_CN-R,MAPLE
canada,NXE_CN,MAPLE
canada,ATA_CN,MAPLE
canada,CARU_CN,MAPLE
canada,EQX_CN,MAPLE
canada,WSP_CN,MAPLE
canada,SUNC_US,MAPLE
canada,RY_CN,TEST_MAPLE
brazil,MIBOV,INDEXPROP_BRZ
brazil,MOTV3_BZ,JNR_RIO
brazil,CXSE3_BZ,IPANEMA
brazil,CPFE3_BZ,IPANEMA
brazil,TIMS3_BZ,IPANEMA
brazil,ONCO3_BZ,IPANEMA
brazil,NEOE3_BZ,IPANEMA
brazil,MOTV3_BZ,RIO
brazil,ALPA4_BZ,RIO
brazil,FLRY3_BZ,IPANEMA
brazil,BOVA11_BZ,RIO
brazil,MOVI3_BZ,IPANEMA
brazil,GGPS3_BZ,IPANEMA
brazil,NATU3_BZ,RIO
brazil,VIVA3_BZ,IPANEMA
brazil,SANB11_BZ,IPANEMA
brazil,ISAE4_BZ,IPANEMA
brazil,ODPV3_BZ,IPANEMA
brazil,RECV3_BZ,IPANEMA
brazil,CMIN3_BZ,IPANEMA
brazil,CVCB3_BZ,IPANEMA
brazil,SRNA3_BZ,IPANEMA
brazil,ALOS3_BZ,IPANEMA
brazil,STBP3_BZ,IPANEMA
brazil,VAMO3_BZ,IPANEMA
brazil,ALUP11_BZ,IPANEMA
brazil,VIVT3_BZ,IPANEMA
brazil,PSSA3_BZ,IPANEMA
brazil,DIRR3_BZ,IPANEMA
brazil,CPLE6_BZ,RIO
brazil,CURY3_BZ,IPANEMA
brazil,SAPR11_BZ,IPANEMA
brazil,AURE3_BZ,IPANEMA
brazil,POMO4_BZ,IPANEMA
brazil,JBSS32_BZ,RIO
brazil,CEAB3_BZ,IPANEMA
brazil,SLCE3_BZ,IPANEMA
brazil,BRAV3_BZ,FLOW_RIO
brazil,ROXO34_BZ,RIO
brazil,B3SA3_BZ,SAMBA
brazil,RADL3_BZ,FLOW_RIO
brazil,IBOV,INDEXPROP_BRZ
brazil,MGLU3_BZ,RIO
brazil,BRAV3_BZ,RIO
brazil,RAIZ4_BZ,RIO
brazil,EGIE3_BZ,RIO
brazil,CYRE3_BZ,RIO
brazil,XPBR31_BZ,RIO
brazil,VBBR3_BZ,RIO
brazil,MULT3_BZ,FLOW_RIO
brazil,SMLLBV_BZ,RIO
brazil,JBSS3_BZ,SAMBA
brazil,VALE3_BZ,RIO
brazil,IRBR3_BZ,RIO
brazil,MRVE3_BZ,FLOW_RIO
brazil,AZZA3_BZ,RIO
brazil,PETR4_BZ,RIO
brazil,BHIA3_BZ,RIO
brazil,IGTI11_BZ,RIO
brazil,MRFG3_BZ,RIO
brazil,ASAI3_BZ,RIO
brazil,ELET6_BZ,RIO
brazil,GGBR4_BZ,SAMBA
brazil,PETZ3_BZ,FLOW_RIO
brazil,SUZB3_BZ,FLOW_RIO
brazil,ALPA4_BZ,FLOW_RIO
brazil,AZZA3_BZ,JNR_RIO
brazil,LWSA3_BZ,RIO
brazil,GGBR4_BZ,FLOW_RIO
brazil,EGIE3_BZ,FLOW_RIO
brazil,USIM5_BZ,FLOW_RIO
brazil,BBSE3_BZ,RIO
brazil,ELET3_BZ,RIO
brazil,BBAS3_BZ,RIO
brazil,BBDC3_BZ,RIO
brazil,LREN3_BZ,FLOW_RIO
brazil,SBSP3_BZ,FLOW_RIO
brazil,CYRE3_BZ,FLOW_RIO
brazil,CIEL3_BZ,FLOW_RIO
brazil,CCRO3_BZ,FLOW_RIO
brazil,LREN3_BZ,SAMBA
brazil,BOVV11_BZ,FLOW_RIO
brazil,CSNA3_BZ,FLOW_RIO
brazil,CSAN3_BZ,RIO
brazil,AZUL4_BZ,RIO
brazil,BRFS3_BZ,RIO
brazil,ELET3_BZ,FLOW_RIO
brazil,ITSA4_BZ,FLOW_RIO
brazil,CMIG4_BZ,RIO
brazil,GOLL4_BZ,FLOW_RIO
brazil,BRAP4_BZ,FLOW_RIO
brazil,SMFT3_BZ,IPANEMA
brazil,HYPE1_BZ,RIO
brazil,USDBRL,RIO
brazil,ITUB4_BZ,RIO
brazil,CPLE99_BZ,RIO
brazil,CPLE3_BZ,RIO
brazil,AXIA98_BZ,RIO
brazil,AXIA99_BZ,RIO
brazil,AXIA7_BZ,RIO
brazil,AZUL54_BZ,RIO
brazil,IBOV,SAMBA
brazil,RENT4_BZ,RIO
brazil,RENT99_BZ,RIO
brazil,CYRE4_BZ,RIO
brazil,CYRE99_BZ,RIO
brazil,AUAU3_BZ,RIO
brazil,AUAU99_BZ,RIO
brazil,AZUL53_BZ,RIO
brazil,MBRF3_BZ,RIO
brazil,EMBJ3_BZ,RIO
brazil,CPLE5_BZ,RIO
brazil,BEEF1_BZ,RIO
brazil,AXIA3_BZ,RIO
brazil,AXIA6_BZ,RIO
brazil,LWSA3_BZ,FLOW_RIO
brazil,YDUQ3_BZ,FLOW_RIO
brazil,GOAU4_BZ,FLOW_RIO
brazil,IBOV,RIO
brazil,COGN3_BZ,FLOW_RIO
brazil,ABEV3_BZ,FLOW_RIO
brazil,BRKM5_BZ,FLOW_RIO
brazil,CMIG4_BZ,FLOW_RIO
brazil,RENT3_BZ,FLOW_RIO
brazil,HYPE3_BZ,FLOW_RIO
brazil,ENEV3_BZ,FLOW_RIO
brazil,VIIA3_BZ,FLOW_RIO
brazil,MIBOV,FLOW_RIO
brazil,MULT3_BZ,RIO
brazil,PETZ3_BZ,RIO
brazil,COGN3_BZ,RIO
brazil,SUZB3_BZ,RIO
brazil,B3SA3_BZ,RIO
brazil,PRIO3_BZ,SAMBA
brazil,PCAR3_BZ,FLOW_RIO
brazil,ASAI3_BZ,FLOW_RIO
brazil,BRKM5_BZ,RIO
brazil,BBDC4_BZ,SAMBA
brazil,PETR4_BZ,SAMBA
brazil,MIBOV,RIO
brazil,ITUB4_BZ,SAMBA
brazil,BBSE3_BZ,SAMBA
brazil,TAEE11_BZ,FLOW_RIO
brazil,IBOV,FLOW_RIO
brazil,CRFB3_BZ,RIO
brazil,GOAU4_BZ,RIO
brazil,BEEF3_BZ,FLOW_RIO
brazil,UGPA3_BZ,RIO
brazil,KLBN11_BZ,RIO
brazil,RAIL3_BZ,RIO
brazil,SBSP3_BZ,RIO
brazil,ITUB4_BZ,FLOW_RIO
brazil,MRVE3_BZ,RIO
brazil,RDOR3_BZ,RIO
brazil,NTCO3_BZ,RIO
brazil,YDUQ3_BZ,RIO
brazil,TOTS3_BZ,RIO
brazil,HYPE3_BZ,RIO
brazil,PCAR3_BZ,RIO
brazil,BBSE3_BZ,FLOW_RIO
brazil,WEGE3_BZ,RIO
brazil,LWSA3_BZ-X,RIO
brazil,CBAV3_BZ,IPANEMA
brazil,SBFG3_BZ,IPANEMA
brazil,BBDC4_BZ,FLOW_RIO
brazil,EMBR3_BZ,FLOW_RIO
brazil,CSAN3_BZ,SAMBA
brazil,BHIA3_BZ,FLOW_RIO
brazil,ELET6_BZ,FLOW_RIO
brazil,BOVA11_BZ,FLOW_RIO
brazil,ABEV3_BZ,SAMBA
brazil,VALE3_BZ,FLOW_RIO
brazil,CSNA3_BZ,RIO
brazil,EQTL3_BZ,RIO
brazil,BBAS3_BZ,SAMBA
brazil,USIM5_BZ,SAMBA
brazil,CRFB3_BZ,FLOW_RIO
brazil,BPAC11_BZ,RIO
brazil,MGLU3_BZ,FLOW_RIO
brazil,WEGE3_BZ,FLOW_RIO
brazil,PETR4_BZ,FLOW_RIO
brazil,ENEV3_BZ,RIO
brazil,RADL3_BZ,RIO
brazil,ENGI11_BZ,RIO
brazil,RAIL3_BZ,SAMBA
brazil,SMAL11_BZ,RIO
brazil,BOVA11_BZ,SAMBA
brazil,ELET6_BZ,SAMBA
brazil,BRKM5_BZ,SAMBA
brazil,WEGE3_BZ,SAMBA
brazil,CPLE6_BZ,FLOW_RIO
brazil,IGTI11_BZ,FLOW_RIO
brazil,SMAL11_BZ,FLOW_RIO
brazil,MGLU3_BZ,SAMBA
brazil,RDOR3_BZ,FLOW_RIO
brazil,RENT3_BZ,SAMBA
brazil,EMBR3_BZ,RIO
brazil,CCRO3_BZ,RIO
brazil,SMAL11_BZ,SAMBA
brazil,ENGI11_BZ,FLOW_RIO
brazil,LREN3_BZ,RIO
brazil,BRAP4_BZ,RIO
brazil,GOLL4_BZ,RIO
brazil,NTCO3_BZ,FLOW_RIO
brazil,BOVV11_BZ,RIO
brazil,ITSA4_BZ,RIO
brazil,PRIO3_BZ,RIO
brazil,HAPV3_BZ,RIO
brazil,PETR3_BZ,RIO
brazil,CIEL3_BZ,RIO
brazil,JBSS3_BZ,FLOW_RIO
brazil,HAPV3_BZ,FLOW_RIO
brazil,KLBN11_BZ,FLOW_RIO
brazil,JBSS3_BZ,RIO
brazil,TOTS3_BZ,FLOW_RIO
brazil,RAIL3_BZ,FLOW_RIO
brazil,BEEF3_BZ,RIO
brazil,RENT3_BZ,RIO
brazil,B3SA3_BZ,FLOW_RIO
brazil,USIM5_BZ,RIO
brazil,BBDC4_BZ,RIO
brazil,ABEV3_BZ,RIO
brazil,GGBR4_BZ,RIO
brazil,TAEE11_BZ,RIO
brazil,VALE3_BZ,SAMBA
brazil,BRFS3_BZ,FLOW_RIO
brazil,PRIO3_BZ,FLOW_RIO
brazil,BPAC11_BZ,FLOW_RIO
brazil,BBDC3_BZ,FLOW_RIO
brazil,BBAS3_BZ,FLOW_RIO
brazil,EQTL3_BZ,FLOW_RIO
brazil,CSAN3_BZ,FLOW_RIO
brazil,UGPA3_BZ,FLOW_RIO
arb,ABN,STOCKS_EUR4
arb,ABN,JNR_STOCKS_EUR
arb,BTC,CRYPTO_CME
arb,BTCUSD,CRYPTO_CME
arb,ETH,CRYPTO_CME
arb,EBD,DIVDELTA
arb,ESX,DIVDELTA
arb,ESXU,DIVDELTA
arb,EXD,JNR_DIVDELTA
arb,EXD,DIVDELTA
arb,EXF,DIVDELTA
arb,SEG,DIVDELTA
arb,SSX,DIVDELTA
arb,ESTR,EURODOLLARS
arb,SOFR,MTBPROP
arb,SOFR,EURODOLLARS
arb,SOFR,JCPROP
arb,ESTR,STOCKHEDGE
arb,EURIBOR,STOCKHEDGE
arb,AUDUSD,INDEXPROP
arb,BKNG_US,INDEXPROP
arb,BOBL,INDEXPROP
arb,BRLUSD,INDEXPROP
arb,BTCUSD,INDEXPROP
arb,BTP,INDEXPROP
arb,BUD,INDEXPROP
arb,BUND,INDEXPROP
arb,BUND,JCPROP
arb,BUXL,INDEXPROP
arb,CADUSD,INDEXPROP
arb,CCL_US,INDEXPROP
arb,SMI,INDEXPROP
arb,CHFUSD,INDEXPROP
arb,CNHUSD,INDEXPROP
arb,COPPER_US,INDEXPROP
arb,CORN_US,INDEXPROP
arb,CPER_US,INDEXPROP
arb,CVNA_US,INDEXPROP
arb,DFSS,INDEXPROP
arb,DVN_US,INDEXPROP
arb,EBD,INDEXPROP
arb,EPD,INDEXPROP
arb,ESX,INDEXPROP
arb,ESX,TREASURY
arb,ESX,MTBPROP
arb,ESX,C_DESKS
arb,ESX,JCPROP
arb,ESX,VPROP
arb,MIB30,INDEXPROP
arb,EURGBP,INDEXPROP
arb,EURUSD,INDEXPROP
arb,DAXM,INDEXPROP
arb,AEX,INDEXPROP
arb,CAC,INDEXPROP
arb,DAX,INDEXPROP
arb,EXD,INDEXPROP
arb,FTSE,INDEXPROP
arb,FTSE,TREASURY
arb,GBPUSD,INDEXPROP
arb,GOLD,INDEXPROP
arb,HSIX,INDEXPROP
arb,HTI,INDEXPROP
arb,HSCEIX,INDEXPROP
arb,IWM,INDEXPROP
arb,IWM,JCPROP
arb,N225Y,INDEXPROP
arb,N225,INDEXPROP
arb,JPYUSD,INDEXPROP
arb,KMI,INDEXPROP
arb,KRWUSD,INDEXPROP
arb,LUV,INDEXPROP
arb,MAR_US,INDEXPROP
arb,MNDQ,JCPROP
arb,MNDQ,MTBPROP
arb,MO,INDEXPROP
arb,MEF,INDEXPROP
arb,MFP,INDEXPROP
arb,RHM,INDEXPROP
arb,MWP,INDEXPROP
arb,MWO,INDEXPROP
arb,MSPX,MTBPROP
arb,MSPX,INDEXPROP
arb,MSPX,TREASURY
arb,MSPX,JCPROP
arb,MSPX,VPROP
arb,MSPX2,INDEXPROP
arb,MSPX3,INDEXPROP
arb,MT_US,INDEXPROP
arb,MXNUSD,INDEXPROP
arb,NZDUSD,INDEXPROP
arb,OAT,INDEXPROP
arb,PALLADIUM,INDEXPROP
arb,PAYX,INDEXPROP
arb,PLATINUM,INDEXPROP
arb,PLTM_US,INDEXPROP
arb,QQQQ,INDEXPROP
arb,RCL_N,INDEXPROP
arb,OMX,TREASURY
arb,OMX,INDEXPROP
arb,SHAZ,INDEXPROP
arb,SHEL_US,INDEXPROP
arb,SILVER,INDEXPROP
arb,SMH_US,MTBPROP
arb,SMH_US,INDEXPROP
arb,SOYB_US,INDEXPROP
arb,SPX,INDEXPROP
arb,SPX,VPROP
arb,SPX,TREASURY
arb,SPX,JCPROP
arb,SPY,VPROP
arb,SPY,INDEXPROP
arb,SPY,JCPROP
arb,CFG_US,INDEXPROP
arb,CORRA,INDEXPROP
arb,TSX,INDEXPROP
arb,ZEB_CN,INDEXPROP
arb,TSX,JCPROP
arb,XIU_CN,JCPROP
arb,XIU_CN,INDEXPROP
arb,GILT,INDEXPROP
arb,ESTR,TREASURY
arb,SONIA,TREASURY
arb,EURIBOR,TREASURY
arb,EURIBOR,INDEXPROP
arb,EURIBOR-MID,INDEXPROP
arb,EURIBOR-MID2,INDEXPROP
arb,EURIBOR-MID3,INDEXPROP
arb,SONIA,INDEXPROP
arb,SONIA-MID,INDEXPROP
arb,GILTM,INDEXPROP
arb,GILTU,INDEXPROP
arb,GILTS,INDEXPROP
arb,SOFR-MID2,INDEXPROP
arb,SOFR-MID3,INDEXPROP
arb,SONIA-MID2,INDEXPROP
arb,ESTR,INDEXPROP
arb,SOFR-MID,INDEXPROP
arb,SONIA-MID3,INDEXPROP
arb,ESTR1M,INDEXPROP
arb,SOFR,INDEXPROP
arb,AMTM_US,MTBPROP
arb,FSLR,MTBPROP
arb,STMUS,INDEXPROP
arb,NXPI_US,INDEXPROP
arb,JPM,JCPROP
arb,RMBS,MTBPROP
arb,CRWV_US,MTBPROP
arb,C,INDEXPROP
arb,AAPL,INDEXPROP
arb,MNDQ,INDEXPROP
arb,GOOGL,JCPROP
arb,RIOT_US,JCPROP
arb,SNDK,MTBPROP
arb,AMGN,INDEXPROP
arb,CIFR_US,MTBPROP
arb,AAL_OQ,INDEXPROP
arb,ACAD,INDEXPROP
arb,AEM_US,INDEXPROP
arb,AER_US,INDEXPROP
arb,ALXN,INDEXPROP
arb,GOOGL,MTBPROP
arb,RIOT_US,MTBPROP
arb,MRTY,JCPROP
arb,IREN_US,MTBPROP
arb,HUT8,MTBPROP
arb,BITF,MTBPROP
arb,HUT8,JCPROP
arb,BITF,JCPROP
arb,ADBE,INDEXPROP
arb,AMD,INDEXPROP
arb,CAT,INDEXPROP
arb,CELG,INDEXPROP
arb,CEX,INDEXPROP
arb,AMAT,INDEXPROP
arb,AXP,INDEXPROP
arb,BABA_N,INDEXPROP
arb,BB,INDEXPROP
arb,BE,INDEXPROP
arb,AMZN,INDEXPROP
arb,ARVM,INDEXPROP
arb,BA,INDEXPROP
arb,BHI,INDEXPROP
arb,CCE,INDEXPROP
arb,CHTR,INDEXPROP
arb,CNC_US,INDEXPROP
arb,BIDU,INDEXPROP
arb,CMI,INDEXPROP
arb,CSCO,INDEXPROP
arb,DDOG_US,INDEXPROP
arb,DD_US,INDEXPROP
arb,EWY,INDEXPROP
arb,DASH_US,INDEXPROP
arb,DG,INDEXPROP
arb,GILD,INDEXPROP
arb,HWP,INDEXPROP
arb,K,INDEXPROP
arb,LULU_US,INDEXPROP
arb,MJN,INDEXPROP
arb,GNM,INDEXPROP
arb,ILMN,INDEXPROP
arb,KRE_US,INDEXPROP
arb,META,INDEXPROP
arb,BITF,INDEXPROP
arb,OTIS_US,INDEXPROP
arb,ROKU_US,INDEXPROP
arb,MRTY,INDEXPROP
arb,MU,INDEXPROP
arb,NU,INDEXPROP
arb,NVDA,INDEXPROP
arb,SHOP_US,INDEXPROP
arb,SPG,INDEXPROP
arb,TSLA,INDEXPROP
arb,NVDA,MTBPROP
arb,WMI,INDEXPROP
arb,WYN,INDEXPROP
arb,WYNN,INDEXPROP
arb,WFC,INDEXPROP
arb,BBY,INDEXPROP
arb,BLKI,INDEXPROP
arb,XOM,INDEXPROP
arb,DAX_US,INDEXPROP
arb,JCI,INDEXPROP
arb,BCS,INDEXPROP
arb,SOL_US,MTBPROP
arb,ITW,INDEXPROP
arb,STT,INDEXPROP
arb,ASMLUS,INDEXPROP
arb,MRTY,MTBPROP
arb,BHP_US,INDEXPROP
arb,ADBE,MTBPROP
arb,INTU,INDEXPROP
arb,IBIT_US,INDEXPROP
arb,AKAM,INDEXPROP
arb,IREN_US,JCPROP
arb,HUM,INDEXPROP
arb,HYG,INDEXPROP
arb,IEF_US,INDEXPROP
arb,IBM,INDEXPROP
arb,INTC,INDEXPROP
arb,IYR,INDEXPROP
arb,KLAC,INDEXPROP
arb,ISRG,INDEXPROP
arb,JNJ,INDEXPROP
arb,JPM,INDEXPROP
arb,LRCX,INDEXPROP
arb,JWN,INDEXPROP
arb,KO,INDEXPROP
arb,KRFT,INDEXPROP
arb,LLL,INDEXPROP
arb,LLY,INDEXPROP
arb,LQD_US,INDEXPROP
arb,CFI,INDEXPROP
arb,FORD,INDEXPROP
arb,HCA,INDEXPROP
arb,MSFT,INDEXPROP
arb,NTR_US,INDEXPROP
arb,NTR,INDEXPROP
arb,NTRS,INDEXPROP
arb,SQM_US,INDEXPROP
arb,STXG,INDEXPROP
arb,PEP,INDEXPROP
arb,TTD_US,INDEXPROP
arb,UAL,INDEXPROP
arb,UPS,INDEXPROP
arb,SQ_US,INDEXPROP
arb,AIG,INDEXPROP
arb,AHC,INDEXPROP
arb,WMT,INDEXPROP
arb,HPE_US,INDEXPROP
arb,EOG,INDEXPROP
arb,BX,INDEXPROP
arb,APC,INDEXPROP
arb,ASHR,INDEXPROP
arb,AVAGO,INDEXPROP
arb,BABA_US,INDEXPROP
arb,BPUS,INDEXPROP
arb,CBS,INDEXPROP
arb,CHL_N,INDEXPROP
arb,CHV,INDEXPROP
arb,BKR_US,INDEXPROP
arb,COF,INDEXPROP
arb,DIS,INDEXPROP
arb,CMCSA,INDEXPROP
arb,CMGL,INDEXPROP
arb,COP,INDEXPROP
arb,CRMI,INDEXPROP
arb,CTRP,INDEXPROP
arb,DAL,INDEXPROP
arb,DHR,INDEXPROP
arb,FCX,INDEXPROP
arb,DISCA,INDEXPROP
arb,DISH,INDEXPROP
arb,EBAY,INDEXPROP
arb,ERTS,INDEXPROP
arb,ETSY,INDEXPROP
arb,EWC,INDEXPROP
arb,FANG,INDEXPROP
arb,FD,INDEXPROP
arb,FDX_US,INDEXPROP
arb,FFIV,INDEXPROP
arb,FSLR,INDEXPROP
arb,GOOG,INDEXPROP
arb,GMCR,INDEXPROP
arb,GOOGL,INDEXPROP
arb,GS,INDEXPROP
arb,HAL,INDEXPROP
arb,HD,INDEXPROP
arb,HLF,INDEXPROP
arb,LVS,INDEXPROP
arb,MA,INDEXPROP
arb,MCD,INDEXPROP
arb,MMM,INDEXPROP
arb,MRK,INDEXPROP
arb,MRO,INDEXPROP
arb,NFLX,INDEXPROP
arb,NKE,INDEXPROP
arb,MRVL,INDEXPROP
arb,MWD,INDEXPROP
arb,NCR,INDEXPROP
arb,NEE_US,INDEXPROP
arb,NRG_US,INDEXPROP
arb,NTNX_US,INDEXPROP
arb,ORCL,INDEXPROP
arb,PANW,INDEXPROP
arb,PLTR,INDEXPROP
arb,PFE,INDEXPROP
arb,PG,INDEXPROP
arb,PM,INDEXPROP
arb,PYPL,INDEXPROP
arb,SLB,INDEXPROP
arb,PXD_US,INDEXPROP
arb,PZZA_US,INDEXPROP
arb,SBUX,INDEXPROP
arb,SFIX,INDEXPROP
arb,SFLY_OQ,INDEXPROP
arb,SNAP_US,INDEXPROP
arb,SPLS,INDEXPROP
arb,STZ_US,INDEXPROP
arb,TLT_US,INDEXPROP
arb,T,INDEXPROP
arb,TGT,INDEXPROP
arb,TLRY,INDEXPROP
arb,TSM_US,INDEXPROP
arb,TWIT,INDEXPROP
arb,TXN,INDEXPROP
arb,UNH,INDEXPROP
arb,VLO,INDEXPROP
arb,UTX,INDEXPROP
arb,V,INDEXPROP
arb,VER_N,INDEXPROP
arb,NVDA,JCPROP
arb,VIAB,INDEXPROP
arb,VMW_N,INDEXPROP
arb,VZ,INDEXPROP
arb,WAG,INDEXPROP
arb,YETI_US,INDEXPROP
arb,ZTS,INDEXPROP
arb,PNC,INDEXPROP
arb,VALE,INDEXPROP
arb,VXX,JCPROP
arb,VXX,INDEXPROP
arb,SYK,INDEXPROP
arb,ABNB_US,INDEXPROP
arb,LYB_US,INDEXPROP
arb,EXPE,INDEXPROP
arb,DWDP_US,INDEXPROP
arb,DE,INDEXPROP
arb,PLNT_US,INDEXPROP
arb,KBE_US,INDEXPROP
arb,BMRN,INDEXPROP
arb,PPL_US,INDEXPROP
arb,RAI,INDEXPROP
arb,OPK_N,INDEXPROP
arb,DVA,INDEXPROP
arb,NOI,INDEXPROP
arb,BMY,INDEXPROP
arb,DKS,INDEXPROP
arb,PBR,INDEXPROP
arb,RPSG,INDEXPROP
arb,NEM,INDEXPROP
arb,ADT,INDEXPROP
arb,TEVA,INDEXPROP
arb,ABBV,INDEXPROP
arb,GE,INDEXPROP
arb,KSS,INDEXPROP
arb,CLIFF,INDEXPROP
arb,ARCM,INDEXPROP
arb,RTY,INDEXPROP
arb,XLP,INDEXPROP
arb,CLP,INDEXPROP
arb,BHP_AU,INDEXPROP
arb,USB,INDEXPROP
arb,SU_US,INDEXPROP
arb,SXPXXP,INDEXPROP
arb,TRGP_US,INDEXPROP
arb,UBER_US,INDEXPROP
arb,ULTRA,INDEXPROP
arb,US10YR,INDEXPROP
arb,US2YR,INDEXPROP
arb,US5YR,INDEXPROP
arb,USLONG,INDEXPROP
arb,USNG,INDEXPROP
arb,USO,INDEXPROP
arb,VRIO,INDEXPROP
arb,VSX,JCPROP
arb,VSX,VPROP
arb,VSX,INDEXPROP
arb,WBD_US,INDEXPROP
arb,WEAT_US,INDEXPROP
arb,X_US,INDEXPROP
arb,ZARUSD,INDEXPROP
arb,SLV,INDEXPROP
arb,EFA,INDEXPROP
arb,GLDS,INDEXPROP
arb,EWJ_US,INDEXPROP
arb,EEM,INDEXPROP
arb,EWZ,INDEXPROP
arb,FXI,INDEXPROP
arb,XLB,INDEXPROP
arb,XLF,INDEXPROP
arb,XLV,INDEXPROP
arb,XOP,INDEXPROP
arb,GDX,INDEXPROP
arb,XLRE_US,INDEXPROP
arb,XHB_US,INDEXPROP
arb,XLY_US,INDEXPROP
arb,XBI,INDEXPROP
arb,XLE,INDEXPROP
arb,XLK_US,INDEXPROP
arb,TJX,INDEXPROP
arb,XLC_US,INDEXPROP
arb,XLI,INDEXPROP
arb,XLU_US,INDEXPROP
arb,CATTLE,INDEXPROP
arb,CL,INDEXPROP
arb,CORN,INDEXPROP
arb,FCA,INDEXPROP
arb,LHO,INDEXPROP
arb,NG,INDEXPROP
arb,SBMEAL,INDEXPROP
arb,SBOIL,INDEXPROP
arb,SOY,INDEXPROP
arb,WHEAT,INDEXPROP
arb,SXEBANKS,SSITS
arb,DMX,SSITS
arb,SXPTECH,SSITS
arb,DAX,SSITS
arb,TDX,SSITS
arb,SXPMEDIA,SSITS
arb,SXPMEDIA,JCPROP
arb,STXE,SSITS
arb,SXPREAL,SSITS
arb,SXPXXP,SSITS
arb,SXPINDU,SSITS
arb,SXPAUTO,SSITS
arb,ESX,SSITS
arb,RDSA,AMM_DELTA
arb,VOD,AMM_DELTA
arb,FRES,AMM_DELTA
arb,BRUN_AS,AMM_DELTA
arb,HLMA,AMM_DELTA
arb,TMV,AMM_DELTA
arb,ADYEN,AMM_DELTA
arb,FUR,AMM_DELTA
arb,ANTO,AMM_DELTA
arb,ABIB,AMM_DELTA
arb,STJ,AMM_DELTA
arb,TOM2,AMM_DELTA
arb,ZAL,AMM_DELTA
arb,ENR,AMM_DELTA
arb,KPN,AMM_DELTA
arb,LIN,AMM_DELTA
arb,ARCM,AMM_DELTA
arb,HSB,AMM_DELTA
arb,NXT,AMM_DELTA
arb,EXPN,AMM_DELTA
arb,RTO,AMM_DELTA
arb,BDEV,AMM_DELTA
arb,IMP,AMM_DELTA
arb,BLT,AMM_DELTA
arb,SAP,AMM_DELTA
arb,8TRA_GY,AMM_DELTA
arb,NORD,AMM_DELTA
arb,APAM,AMM_DELTA
arb,BAE,AMM_DELTA
arb,BAMNB,AMM_DELTA
arb,HEN3,AMM_DELTA
arb,IMCD_AS,AMM_DELTA
arb,RDS,AMM_DELTA
arb,AMG,AMM_DELTA
arb,SMDS,AMM_DELTA
arb,LVMH,AMM_DELTA
arb,BME_LN,AMM_DELTA
arb,IFX,AMM_DELTA
arb,SSE,AMM_DELTA
arb,AZN,AMM_DELTA
arb,SGRO,AMM_DELTA
arb,ANG,AMM_DELTA
arb,BP,AMM_DELTA
arb,ASBF,AMM_DELTA
arb,LGN,AMM_DELTA
arb,1COV_DE,AMM_DELTA
arb,DPW,AMM_DELTA
arb,AALB,AMM_DELTA
arb,INF_LN,AMM_DELTA
arb,ORDI,AMM_DELTA
arb,ARCAD,AMM_DELTA
arb,SBMO,AMM_DELTA
arb,CRDA,AMM_DELTA
arb,HFG,AMM_DELTA
arb,HNR1,AMM_DELTA
arb,SDF,AMM_DELTA
arb,BMW,AMM_DELTA
arb,AIRP,AMM_DELTA
arb,WTB,AMM_DELTA
arb,DGE,AMM_DELTA
arb,LSE,AMM_DELTA
arb,SHEALTH,AMM_DELTA
arb,TKA,AMM_DELTA
arb,AAR,AMM_DELTA
arb,FME,AMM_DELTA
arb,WEIR,AMM_DELTA
arb,CAPP,AMM_DELTA
arb,EVRLN,AMM_DELTA
arb,CRH,AMM_DELTA
arb,FRESN,AMM_DELTA
arb,VPK,AMM_DELTA
arb,SPSE,AMM_DELTA
arb,HRGV,AMM_DELTA
arb,LHA,AMM_DELTA
arb,PRU,AMM_DELTA
arb,RB,AMM_DELTA
arb,TW,AMM_DELTA
arb,PRX_NA,AMM_DELTA
arb,DAST,AMM_DELTA
arb,SVT,AMM_DELTA
arb,ANG-X,AMM_DELTA
arb,ELF,AMM_DELTA
arb,PSN_LN,AMM_DELTA
arb,AGN,AMM_DELTA
arb,DSFIR,AMM_DELTA
arb,SY1,AMM_DELTA
arb,STM,AMM_DELTA
arb,WKL,AMM_DELTA
arb,ASRNL,AMM_DELTA
arb,HEIJ,AMM_DELTA
arb,REN,AMM_DELTA
arb,CON,AMM_DELTA
arb,PHNX_LN,AMM_DELTA
arb,JD_LN,AMM_DELTA
arb,RHM,AMM_DELTA
arb,AM-R,JCPROP
arb,SZG,AMM_DELTA
arb,PUM,AMM_DELTA
arb,UL,AMM_DELTA
arb,SIE,AMM_DELTA
arb,SGO,AMM_DELTA
arb,CARRE,AMM_DELTA
arb,SLOU,AMM_DELTA
arb,S92_GY,AMM_DELTA
arb,RWE,AMM_DELTA
arb,EI,AMM_DELTA
arb,WEHA,AMM_DELTA
arb,LOREAL,AMM_DELTA
arb,AXAF,AMM_DELTA
arb,VIE,AMM_DELTA
arb,FLTR,AMM_DELTA
arb,ALV,AMM_DELTA
arb,DHER,AMM_DELTA
arb,DAN,AMM_DELTA
arb,BEI,AMM_DELTA
arb,ML,AMM_DELTA
arb,MONDI,AMM_DELTA
arb,UU,AMM_DELTA
arb,INF,AMM_DELTA
arb,SOC-GEN,AMM_DELTA
arb,UN,AMM_DELTA
arb,POLY,AMM_DELTA
arb,BESI,AMM_DELTA
arb,PTNL,AMM_DELTA
arb,EOA,AMM_DELTA
arb,STLA,AMM_DELTA
arb,GXI,AMM_DELTA
arb,AKZ,AMM_DELTA
arb,TUI,AMM_DELTA
arb,SAF,AMM_DELTA
arb,FTE,AMM_DELTA
arb,ALO,AMM_DELTA
arb,JET_LN,AMM_DELTA
arb,TAB,AMM_DELTA
arb,GXO,AMM_DELTA
arb,SGE,AMM_DELTA
arb,CUA,AMM_DELTA
arb,DTE,AMM_DELTA
arb,SN,AMM_DELTA
arb,BLND,AMM_DELTA
arb,BBL,AMM_DELTA
arb,SU,AMM_DELTA
arb,ULVR,AMM_DELTA
arb,TSB-X,AMM_DELTA
arb,CBK,AMM_DELTA
arb,CL,AMM_DELTA
arb,GLPG_BR,AMM_DELTA
arb,MERC,AMM_DELTA
arb,BNZL,AMM_DELTA
arb,ICAG,AMM_DELTA
arb,BKL,AMM_DELTA
arb,RDSB,AMM_DELTA
arb,ICP,AMM_DELTA
arb,AUTO_LN,AMM_DELTA
arb,EVK,AMM_DELTA
arb,NGG,AMM_DELTA
arb,BTG,AMM_DELTA
arb,CCHF,AMM_DELTA
arb,BNP,AMM_DELTA
arb,KGF,AMM_DELTA
arb,PHIL,AMM_DELTA
arb,AH,AMM_DELTA
arb,AIX,AMM_DELTA
arb,DCC,AMM_DELTA
arb,ADJ,AMM_DELTA
arb,BOSS,AMM_DELTA
arb,GVC_LN,AMM_DELTA
arb,ABN,AMM_DELTA
arb,RMV,AMM_DELTA
arb,FRN,AMM_DELTA
arb,VNA,AMM_DELTA
arb,RTZ,AMM_DELTA
arb,SDR,AMM_DELTA
arb,REL,AMM_DELTA
arb,PSON,AMM_DELTA
arb,LS,AMM_DELTA
arb,SMT_LN,AMM_DELTA
arb,ADS,AMM_DELTA
arb,CRAG,AMM_DELTA
arb,SKG,AMM_DELTA
arb,ITV,AMM_DELTA
arb,IH,AMM_DELTA
arb,WPP,AMM_DELTA
arb,DB1,AMM_DELTA
arb,HIK,AMM_DELTA
arb,TSCO,AMM_DELTA
arb,G1A,AMM_DELTA
arb,AVV,AMM_DELTA
arb,SCB,AMM_DELTA
arb,TKWY,AMM_DELTA
arb,PIN-PIRIN,AMM_DELTA
arb,BAY,AMM_DELTA
arb,AVST_LN,AMM_DELTA
arb,SLA,AMM_DELTA
arb,ITRK,AMM_DELTA
arb,CPG,AMM_DELTA
arb,DCX,AMM_DELTA
arb,RNO,AMM_DELTA
arb,ADMRL,AMM_DELTA
arb,ASML,AMM_DELTA
arb,VINCI,AMM_DELTA
arb,DSM,AMM_DELTA
arb,NN_AS,AMM_DELTA
arb,HEI,AMM_DELTA
arb,RSTD,AMM_DELTA
arb,PSN,AMM_DELTA
arb,ASM,AMM_DELTA
arb,EAD,AMM_DELTA
arb,LXS,AMM_DELTA
arb,PSH_LN,AMM_DELTA
arb,VAR1,AMM_DELTA
arb,MUV2,AMM_DELTA
arb,WACK,AMM_DELTA
arb,MNG,AMM_DELTA
arb,OCDO,AMM_DELTA
arb,BRBY,AMM_DELTA
arb,VIVENDI,AMM_DELTA
arb,VOW3,AMM_DELTA
arb,MLRO,AMM_DELTA
arb,RMG,AMM_DELTA
arb,RBS,AMM_DELTA
arb,BAS,AMM_DELTA
arb,RR,AMM_DELTA
arb,DBK,AMM_DELTA
arb,GSZ,AMM_DELTA
arb,ING,AMM_DELTA
arb,HEIG,AMM_DELTA
arb,SMIN,AMM_DELTA
arb,AHT,AMM_DELTA
arb,JMAT,AMM_DELTA
arb,GLEN,AMM_DELTA
arb,FERG,AMM_DELTA
arb,SAN,AMM_DELTA
arb,III,AMM_DELTA
arb,COPPER_US,AMM_METAL
arb,GOLD,AMM_METAL
arb,SILVER,AMM_METAL
arb,CL,AMM_OIL
arb,INDA,BLACK
arb,ARGX_US,BLACK
arb,GMAB_US,BLACK
arb,SPX,BLACK
arb,SMH_US,BLACK
arb,NVO_US,BLACK
arb,KRE_US,BLACK
arb,RACE_US,BLACK
arb,LLY,BLACK
arb,VALE,BLACK
arb,PBR,BLACK
arb,AMC_US,BLACK
arb,STMUS,BLACK
arb,META,BLACK
arb,BUD,BLACK
arb,UL_US,BLACK
arb,INGUS,BLACK
arb,AEG_US,BLACK
arb,IFNNY_US,BLACK
arb,ADYEY_US,BLACK
arb,PROSY_US,BLACK
arb,ELF_US,BLACK
arb,ADDYY_US,BLACK
arb,SIEGY_US,BLACK
arb,SHEL_US,BLACK
arb,PHG_US,BLACK
arb,MT_US,BLACK
arb,ABBNY_US,BLACK
arb,SAABY_US,BLACK
arb,ABBS,BLACK
arb,MSFT,BLACK
arb,SAABB,BLACK
arb,FBK,BLACK
arb,AMZN,BLACK
arb,GOOG,BLACK
arb,IBM,BLACK
arb,SPY,BLACK
arb,GAME,BLACK
arb,PPG_US,BLACK
arb,ACB_US,BLACK
arb,CGC_US,BLACK
arb,CRON_US,BLACK
arb,CRMI,BLACK
arb,GILD,BLACK
arb,KLAC,BLACK
arb,NKE,BLACK
arb,TSLA,BLACK
arb,AAPL,BLACK
arb,TLRY,BLACK
arb,ASMIY_US,BLACK
arb,VIX,BLACK
arb,ATUS_US,BLACK
arb,BABA_US,BLACK
arb,BB,BLACK
arb,NXPI_US,BLACK
arb,MSPX,AUS_STOCKS_US
arb,MSPX,BLACK
arb,AMD,BLACK
arb,MNDQ,BLACK
arb,MSPX2,BLACK
arb,AZNUS,BLACK
arb,ERICY,BLACK
arb,X_US,BLACK
arb,INTC,BLACK
arb,TSM_US,BLACK
arb,MU,BLACK
arb,LRCX,BLACK
arb,NVDA,BLACK
arb,AMAT,BLACK
arb,ASMLUS,BLACK
arb,EWZ,BLACK
arb,MSPX,BROADWAY
arb,SPX,BROADWAY
arb,MIN,DIVDELTA
arb,SMI,DIVDELTA
arb,PRX_D,DIVDELTA
arb,STLA_D,DIVDELTA
arb,HMI_D,DIVDELTA
arb,GOB_D,DIVDELTA
arb,CRI_D,DIVDELTA
arb,MHK,DIVDELTA
arb,MJP,DIVDELTA
arb,DMX,DIVDELTA
arb,RACE_D,DIVDELTA
arb,CAC,DIVDELTA
arb,DAXM,DIVDELTA
arb,ATF,DIVDELTA
arb,ATX,DIVDELTA
arb,SXEEDV,DIVDELTA
arb,FOX,DIVDELTA
arb,MNA,DIVDELTA
arb,SXESCE,DIVDELTA
arb,SLI,DIVDELTA
arb,SMIM,DIVDELTA
arb,FMEU,DIVDELTA
arb,FRDX,DIVDELTA
arb,SXPSCP,DIVDELTA
arb,TDX,DIVDELTA
arb,STXE,DIVDELTA
arb,MUS,DIVDELTA
arb,DAX,DIVDELTA
arb,ING3_D,DIVDELTA
arb,AH_D,DIVDELTA
arb,ELF_D,DIVDELTA
arb,AIRP_D,DIVDELTA
arb,ALV_D,DIVDELTA
arb,AMS_D,DIVDELTA
arb,ASML_D,DIVDELTA
arb,BAY_D,DIVDELTA
arb,BBVA_D,DIVDELTA
arb,BIT_D,DIVDELTA
arb,BMW_D,DIVDELTA
arb,SMIU,DIVDELTA
arb,SAF_D,DIVDELTA
arb,MEP,DIVDELTA
arb,SU_D,DIVDELTA
arb,VNA_D,DIVDELTA
arb,DTE_D,DIVDELTA
arb,ABIB_D,DIVDELTA
arb,ADS_D,DIVDELTA
arb,MEE,DIVDELTA
arb,MAU,DIVDELTA
arb,MGC,DIVDELTA
arb,MFP,DIVDELTA
arb,MFA,DIVDELTA
arb,MWO,DIVDELTA
arb,MWP,DIVDELTA
arb,MWN,DIVDELTA
arb,MXJ,DIVDELTA
arb,MCN,DIVDELTA
arb,MEM,DIVDELTA
arb,MEF,DIVDELTA
arb,MEN,DIVDELTA
arb,MEL,DIVDELTA
arb,MEA,DIVDELTA
arb,EI_D,DIVDELTA
arb,DCX_D,DIVDELTA
arb,DPW_D,DIVDELTA
arb,EAD_D,DIVDELTA
arb,ENI_D,DIVDELTA
arb,ENEL_D,DIVDELTA
arb,FRES_D,DIVDELTA
arb,FTE_D,DIVDELTA
arb,GSZ_D,DIVDELTA
arb,IBE_D,DIVDELTA
arb,ING_D,DIVDELTA
arb,LIN_D,DIVDELTA
arb,LOREAL_D,DIVDELTA
arb,MBG_D,DIVDELTA
arb,LVMH_D,DIVDELTA
arb,MUV2_D,DIVDELTA
arb,NOK_D,DIVDELTA
arb,PHIL_D,DIVDELTA
arb,PIN-PRIN_D,DIVDELTA
arb,SAP_D,DIVDELTA
arb,SIE_D,DIVDELTA
arb,SOC-GEN_D,DIVDELTA
arb,TEF_D,DIVDELTA
arb,UN_D,DIVDELTA
arb,VINCI_D,DIVDELTA
arb,VIVENDI_D,DIVDELTA
arb,VOW3_D,DIVDELTA
arb,DAXU,DIVDELTA
arb,FMED,DIVDELTA
arb,MDK,DIVDELTA
arb,BNP_D,DIVDELTA
arb,DAN_D,DIVDELTA
arb,DB1_D,DIVDELTA
arb,SAN_SM_D,DIVDELTA
arb,SAN-SYN_D,DIVDELTA
arb,ADY_D,DIVDELTA
arb,BAS_D,DIVDELTA
arb,AXAF_D,DIVDELTA
arb,PER_D,DIVDELTA
arb,IFX_D,DIVDELTA
arb,IXD_D,DIVDELTA
arb,NDB_D,DIVDELTA
arb,MSPX,DIVDELTA_US
arb,MMSX,DIVDELTA_US
arb,SPXQD,DIVDELTA_US
arb,SPXD,DIVDELTA_US
arb,SOFR,FIPROP_US_FAKEFIXED
arb,SOFR-MID,FIPROP_US_FAKEFIXED
arb,US10YR,JNR_FIPROP
arb,JGB,FIPROP_US
arb,SOFR,FIPROP_US
arb,SOFR-MID3,FIPROP_US
arb,SOFR-MID,FIPROP_US
arb,US10YR,FIPROP_US
arb,SOFR-MID2,FIPROP_US
arb,US5YR,FIXEDINCOME_US
arb,ULTRA,FIXEDINCOME_US
arb,US2YR,FIXEDINCOME_US
arb,USLONG,FIXEDINCOME_US
arb,US10YR,FIXEDINCOME_US
arb,NDX,INDEXPROP
arb,CAC,TEST_INDEXPROP
arb,EURIBOR,C_DESKS
arb,EURIBOR-MID2,JCPROP
arb,EURIBOR,JCPROP
arb,EURIBOR-MID,JCPROP
arb,EURIBOR-MID3,JCPROP
arb,SXEBANKS,INDEXPROP
arb,ESX,TEST_INDEXPROP
arb,IBOV-X,INDEXPROP
arb,MIBOV,INDEXPROP
arb,IBOV,INDEXPROP
arb,TTF,INDEXPROP_TTF
arb,HSBC_US,INDEXPROP
arb,OXY_US,INDEXPROP
arb,XME,INDEXPROP
arb,XRT,INDEXPROP
arb,PLATINUM,SSITS
arb,EURUSD,US_D1
arb,FEZ_US,INDEXPROP
arb,SVXY,INDEXPROP
arb,EURUSD,JCPROP
arb,NUE,INDEXPROP
arb,MSPX,TEST_INDEXPROP
arb,MSPX,US_D1
arb,AP,INDEXPROP
arb,XJO,INDEXPROP
arb,BABA1_US,JBARB
arb,BABA_HK,JBARB
arb,BABA_US,JBARB
arb,HSIX,JBARB
arb,HSCEIX,JBARB
arb,AM,JCPROP
arb,EZJ,MFM_PROP
arb,ICAG,MFM_PROP
arb,CINE_L,MFM_PROP
arb,RKLB_US,SSITS
arb,SXPOIL,SSITS
arb,SXPHLTH,SSITS
arb,SXPCONS,SSITS
arb,SXPTELCO,SSITS
arb,SXPBASIC,SSITS
arb,SXPPERS,SSITS
arb,SXPTRVL,SSITS
arb,SXPFOOD,SSITS
arb,SXPCHEM,SSITS
arb,SXPBANKS,SSITS
arb,SXPUTIL,SSITS
arb,FRN,SSITS
arb,NOEJ_DE,SSITS
arb,SAP,SSITS
arb,DB1,SSITS
arb,AUMV,SSITS
arb,FTK,SSITS
arb,VOS,SSITS
arb,KTN,SSITS
arb,WAC,SSITS
arb,VNA,SSITS
arb,LEGIM,SSITS
arb,TAGI,SSITS
arb,HOT,SSITS
arb,WACK,SSITS
arb,AUR,SSITS
arb,KGX,SSITS
arb,KBX,SSITS
arb,BC8G_DE,SSITS
arb,JUNG_P_DE,SSITS
arb,GBF,SSITS
arb,ENR,SSITS
arb,DBK,SSITS
arb,CBK,SSITS
arb,RHM,SSITS
arb,HAG,SSITS
arb,VOW3,SSITS
arb,DCX,SSITS
arb,DTG_GY,SSITS
arb,HEIG,SSITS
arb,LXS,SSITS
arb,BAS,SSITS
arb,EVK,SSITS
arb,SIE,SSITS
arb,OHB,SSITS
arb,BAY,SSITS
arb,TKMS_GY,SSITS
arb,SHEALTH,SSITS
arb,EOA,SSITS
arb,TUI,SSITS
arb,PSM,SSITS
arb,CON,SSITS
arb,IEM_LN,SSITS
arb,YACHT_IM,SSITS
arb,ULVR,SSITS
arb,NOKI,SSITS
arb,FCT_IM,SSITS
arb,SMIN,SSITS
arb,TRIG_LN,SSITS
arb,UKW_LN,SSITS
arb,QLINEABTA_SS,SSITS
arb,CPINV_BB,SSITS
arb,RCN_LN,SSITS
arb,BGS_LN,SSITS
arb,ULVR-X,SSITS
arb,TMICC,SSITS
arb,HANA_LN,SSITS
arb,COFFEEB_SS,SSITS
arb,NOBI_SS,SSITS
arb,HRI_LN,SSITS
arb,TFGS_LN,SSITS
arb,FG_SS,SSITS
arb,FARON_FH,SSITS
arb,SYNT_LN,SSITS
arb,KJELL_SS-R,SSITS
arb,KJELL_SS,SSITS
arb,NOBI_SS-R,SSITS
arb,ERA,SSITS
arb,ACAD_SS,SSITS
arb,PNN,SSITS
arb,UMG,SSITS
arb,BEGR_SS,SSITS
arb,VIP_LN,SSITS
arb,GIMB,SSITS
arb,PCA_LN,SSITS
arb,XSPRAY_SS-R,SSITS
arb,BEGR_SS-R,SSITS
arb,DATA_LN,SSITS
arb,UPM_FH,SSITS
arb,AVTX_NA,SSITS
arb,VWS,SSITS
arb,AC,SSITS
arb,ALO,SSITS
arb,XSPRAYBTA_SS,SSITS
arb,ORSTEDT-R,SSITS
arb,GAPW_SS-R,SSITS
arb,AVIO_IM-R,SSITS
arb,FR,SSITS
arb,FLATB_SS,MTBPROP
arb,NIBEB_SS,SSITS
arb,BAYWA-R,SSITS
arb,ALIV,SSITS
arb,AVIO_IM,SSITS
arb,SOFBB,SSITS
arb,XSPRAY_SS,SSITS
arb,ELUX,SSITS
arb,LVMH,SSITS
arb,WLN_FP,SSITS
arb,ASBF,SSITS
arb,PRY,SSITS
arb,UPM1V,SSITS
arb,ELI_BB-R,SSITS
arb,QLINEA_SS-W,SSITS
arb,RROS-R,SSITS
arb,STERV,SSITS
arb,CSN_LN,SSITS
arb,IG,SSITS
arb,EI,SSITS
arb,ELI,SSITS
arb,EUTL-R,SSITS
arb,DUST_SS,SSITS
arb,NOK,SSITS
arb,MINEST_SS,SSITS
arb,BLT,SSITS
arb,MFEA_IM,SSITS
arb,WDP,SSITS
arb,FRVIA,SSITS
arb,PHIL,SSITS
arb,TKA,SSITS
arb,GEOAAW_IM-W,SSITS
arb,OCN_LN,SSITS
arb,UMI,SSITS
arb,SESG,SSITS
arb,GLEN,SSITS
arb,RTZ,SSITS
arb,UC,SSITS
arb,GUARD,SSITS
arb,DE_SS-R,JCPROP
arb,DCC,SSITS
arb,PCELL,SSITS
arb,HEXAB,SSITS
arb,DSV,SSITS
arb,OVZON,SSITS
arb,EUTL,SSITS
arb,TCFP,SSITS
arb,VINCI,SSITS
arb,FGR,SSITS
arb,BZU_IM,SSITS
arb,ACRIA_SS-R,SSITS
arb,MINEST_SS-R,SSITS
arb,SOLT_SS,SSITS
arb,ACRIA_SS,SSITS
arb,SOLT_SS-R,SSITS
arb,SEIT_LN,SSITS
arb,SOLTBTA_SS,SSITS
arb,CAU_LN,SSITS
arb,GAPWBTAB_SS,SSITS
arb,GAPW_SS,SSITS
arb,AVTX_NA-R,SSITS
arb,HUW_LN,SSITS
arb,ACRIB_SS,SSITS
arb,ACRIB_SS-R,SSITS
arb,ACRIILA_SS,SSITS
arb,BEGRBTA_SS,SSITS
arb,RROSBTA,SSITS
arb,SOFBB-R,SSITS
arb,SYNC_LN,SSITS
arb,PDL_LN,SSITS
arb,QLINEATR_SS-R,SSITS
arb,ORSTED,SSITS
arb,SKFABB,SSITS
arb,ABBS,SSITS
arb,UTG_LN,SSITS
arb,HSX,SSITS
arb,NGG,SSITS
arb,TBCG_LN,SSITS
arb,OCI_AS,SSITS
arb,SCAB,SSITS
arb,DE_SS,JCPROP
arb,AHT,SSITS
arb,JMAT,SSITS
arb,DE_SS,SSITS
arb,GEOAAW_IM-R,SSITS
arb,TINC_BB,SSITS
arb,TINC_BB-R,SSITS
arb,FTSE250,SSITS
arb,EPRA,SSITS
arb,VISC_SS,SSITS
arb,FTSE,SSITS
arb,IG-R,SSITS
arb,ANG,SSITS
arb,AMS_SJ,SSITS
arb,IMP_SJ,SSITS
arb,NPH_SJ,SSITS
arb,HAN_LN,SSITS
arb,SS_SJ,SSITS
arb,ANG-X,SSITS
arb,SCAB_SS,SSITS
arb,FLATB_SS,SSITS
arb,DUSTBTA_SS,SSITS
arb,BMK,SSITS
arb,DE_SS-R,SSITS
arb,ANG_P,SSITS
arb,RROS,SSITS
arb,ELES_IM,SSITS
arb,SES_SS,SSITS
arb,CINT_SS,SSITS
arb,DUST_SS-R,SSITS
arb,FLATB_SS-R,SSITS
arb,CARR_LN,SSITS
arb,SES_SS-R,SSITS
arb,PNN-R,SSITS
arb,QLINEABT_SS-R,SSITS
arb,CINT_SS-R,SSITS
arb,CINTBTA_SS,SSITS
arb,CSN_LN-R,SSITS
arb,FLATB_SS,JCPROP
arb,DEBTA_SS,SSITS
arb,FLATBBTA_SS,SSITS
arb,DEBTA_SS,JCPROP
arb,JERONI,SSITS
arb,SSE,SSITS
arb,LDO_IM,SSITS
arb,GLPG_BR,SSITS
arb,QLINEA_SS-R,SSITS
arb,QLINEA_SS,SSITS
arb,GIMB_R,SSITS
arb,STENO,SSITS
arb,GEO_MI,SSITS
arb,ASMDEE_SS,SSITS
arb,UNIPER,SSITS
arb,VIVENDI-X,SSITS
arb,FINGB_ST,SSITS
arb,VIVENDI,SSITS
arb,BAYWA,SSITS
arb,CAN_LN,SSITS
arb,CAN_LN,JCPROP
arb,EMBRACB,SSITS
arb,HAVAS_NA,SSITS
arb,ALHG_FP,SSITS
arb,ES90,STOCKHEDGE
arb,STIR,STOCKHEDGE
arb,SONIA,STOCKHEDGE
arb,HEIJ,STOCKS_EUR4
arb,P911,STOCKS_EUR
arb,FB2A_GY,STOCKS_EUR4
arb,ABEA_GY,STOCKS_EUR4
arb,AMZ_GY,STOCKS_EUR4
arb,APC_GY,STOCKS_EUR4
arb,MSF_GY,STOCKS_EUR4
arb,NFC_GY,STOCKS_EUR4
arb,TL0_GY,STOCKS_EUR4
arb,CSG_NA,STOCKS_EUR4
arb,EZBANK,STOCKS_EUR
arb,FR,STOCKS_EUR4
arb,FUR,STOCKS_EUR4
arb,GEUR,STOCKS_EUR4
arb,GLPG_BR,STOCKS_EUR4
arb,AALB,STOCKS_EUR4
arb,AMG,STOCKS_EUR4
arb,APAM,STOCKS_EUR4
arb,ARCAD,STOCKS_EUR4
arb,BAMNB,STOCKS_EUR4
arb,BESI,STOCKS_EUR4
arb,BOKA,STOCKS_EUR4
arb,BRUN_AS,STOCKS_EUR4
arb,LI,STOCKS_EUR4
arb,NN_AS,STOCKS_EUR4
arb,ORDI,STOCKS_EUR4
arb,PLX,STOCKS_EUR4
arb,PRX_NA,STOCKS_EUR4
arb,PTNL,STOCKS_EUR4
arb,SW,STOCKS_EUR4
arb,SW-X,STOCKS_EUR4
arb,TCFP,STOCKS_EUR4
arb,WEHA,STOCKS_EUR4
arb,VPK,STOCKS_EUR4
arb,UBI,STOCKS_EUR4
arb,ASM,STOCKS_EUR4
arb,CPW,STOCKS_EUR4
arb,SXPESG,DIVDELTA
arb,SXEHLTH,DIVDELTA
arb,SXPUTIL,DIVDELTA
arb,SXECONS,DIVDELTA
arb,SXELCE,DIVDELTA
arb,SXPLCP,DIVDELTA
arb,SXEMCE,DIVDELTA
arb,SXEMCP,DIVDELTA
arb,SXPXXP,DIVDELTA
arb,SXPMCP,DIVDELTA
arb,SXPBANKS,DIVDELTA
arb,SXEAUTO,DIVDELTA
arb,SXEBANKS,DIVDELTA
arb,SXECHEM,DIVDELTA
arb,SXEOIL,DIVDELTA
arb,SXPBASIC,DIVDELTA
arb,SXERETL,DIVDELTA
arb,SXEPERS,DIVDELTA
arb,SXPMEDIA,DIVDELTA
arb,SXPREAL,DIVDELTA
arb,SXPCONS,DIVDELTA
arb,SXPINDU,DIVDELTA
arb,SXEINSUR,DIVDELTA
arb,SXPTECH,DIVDELTA
arb,SXEFOOD,DIVDELTA
arb,SXPRETL,DIVDELTA
arb,SXEFINS,DIVDELTA
arb,SXPPERS,DIVDELTA
arb,SXETRVL,DIVDELTA
arb,SXETELCO,DIVDELTA
arb,SXPINSUR,DIVDELTA
arb,SXPAUTO,DIVDELTA
arb,SXEUTIL,DIVDELTA
arb,SXPOIL,DIVDELTA
arb,SXEBASIC,DIVDELTA
arb,SXPFOOD,DIVDELTA
arb,SXPFINS,DIVDELTA
arb,SXEMEDIA,DIVDELTA
arb,SXPHLTH,DIVDELTA
arb,SXEREAL,DIVDELTA
arb,SXPTRVL,DIVDELTA
arb,SXEINDU,DIVDELTA
arb,SXETECH,DIVDELTA
arb,SXPTELCO,DIVDELTA
arb,SXPTOBAC,DIVDELTA
arb,SXEDRUG,DIVDELTA
arb,SXPDRUG,DIVDELTA
arb,SXEENRGY,DIVDELTA
arb,SXPENRGY,DIVDELTA
arb,SXECNSMR,DIVDELTA
arb,SXPCNSMR,DIVDELTA
arb,SXEXXE,DIVDELTA
arb,SXEXXP,DIVDELTA
arb,SXPCHEM,DIVDELTA
arb,SXETOBAC,DIVDELTA
arb,TLN_US,US_D1
arb,PUMP_US,US_D1
arb,D,US_D1
arb,POET_US,US_D1
arb,WYFI_US,US_D1
arb,FN_US,US_D1
arb,GDS_US,US_D1
arb,VNET_US,US_D1
arb,AKAM,US_D1
arb,ASM_US,US_D1
arb,FSM_US,US_D1
arb,MTA_US,US_D1
arb,COHU,US_D1
arb,AMKR,US_D1
arb,JPM,US_D1
arb,U_US,US_D1
arb,GFS_US,US_D1
arb,APP_US,US_D1
arb,AVAV_US,US_D1
arb,UMC_US,US_D1
arb,RMBS,US_D1
arb,SAP_US,US_D1
arb,ONTO_US,US_D1
arb,TRU_N,US_D1
arb,TE_US,US_D1
arb,CSIQ_US,US_D1
arb,B_US,US_D1
arb,ANGO,US_D1
arb,AG_US,US_D1
arb,USAS_US,US_D1
arb,VIAV_US,US_D1
arb,LBRT_US,US_D1
arb,COHR_US,US_D1
arb,FIX_US,US_D1
arb,JPM,MTBPROP
arb,LOGI,US_D1
arb,SERV_US,US_D1
arb,RR_US,US_D1
arb,MBLY_US,US_D1
arb,ALGM_US,US_D1
arb,ERO_US,US_D1
arb,TGB_US,US_D1
arb,FORM_US,US_D1
arb,ADSK,US_D1
arb,GETY_US,US_D1
arb,SSTK_US,US_D1
arb,WMT,US_D1
arb,CRSR,US_D1
arb,MNDY_US,US_D1
arb,FPS_US,US_D1
arb,MBLY_US,US_D1_OPT
arb,CLS,US_D1
arb,CDN,US_D1
arb,VRT,MTBPROP
arb,DUOL_US,US_D1
arb,TIC_US,US_D1
arb,TIC_US,MTBPROP
arb,BULL_US,US_D1
arb,NBIS_US,MTBPROP
arb,BITF,US_D1
arb,HUT8,US_D1
arb,EOSE,US_D1
arb,TGEN_US,US_D1
arb,OKLO_US,US_D1
arb,INSG_US,US_D1
arb,EOSE,MTBPROP
arb,VRT_US,MTBPROP
arb,SEI,US_D1
arb,SKYT,US_D1
arb,FLNC_US,US_D1
arb,MKSI_US,US_D1
arb,IHE,US_D1
arb,PENG_US,US_D1
arb,ICE_US,US_D1
arb,O_US,US_D1
arb,DE,US_D1
arb,SNREV_US,US_D1
arb,MRK,US_D1
arb,FCT_IM,US_D1_EU
arb,GSK,US_D1
arb,JNJ,US_D1
arb,BAC,US_D1
arb,GTES,US_D1
arb,ROKU_US,US_D1
arb,HUBS_US,US_D1
arb,NBIS_US,US_D1
arb,ALAB_US,US_D1
arb,ATC,US_D1
arb,AMT,US_D1
arb,YPF_US,US_D1
arb,SNPS,US_D1
arb,AA,US_D1
arb,CCSI,US_D1
arb,IPG,US_D1
arb,BABA_US,US_D1
arb,RNG_US,US_D1
arb,ANET_US,MTBPROP
arb,DAL,US_D1
arb,SQ_US,US_D1
arb,BKNG_US,US_D1
arb,LI_US,US_D1
arb,OTIS_US,US_D1
arb,RPM_US,US_D1
arb,CW_US,US_D1
arb,NET_US,US_D1
arb,NBIS_US,JCPROP
arb,SNY,US_D1
arb,DLR_US,US_D1
arb,FCTAAW_IM,US_D1
arb,CRDO_US,US_D1
arb,OUST_US,US_D1
arb,ARGT_US,US_D1
arb,US2YR,US_D1
arb,PSA,US_D1
arb,IP,US_D1
arb,TSM_US,US_D1
arb,ITB_US,US_D1
arb,CEX,US_D1
arb,TEAM_US,US_D1
arb,RRX_US,US_D1
arb,TTWO,US_D1
arb,IGV_US,US_D1
arb,TWLO_US,US_D1
arb,IBIT_US,US_D1
arb,TKR_US,US_D1
arb,ASH,US_D1
arb,NVO_US,US_D1
arb,Z_US,US_D1
arb,CEG_US,US_D1
arb,KT_US,US_D1
arb,CRWD_US,US_D1
arb,XLP,US_D1
arb,FUL_US,US_D1
arb,NEM,US_D1
arb,PLTR,US_D1
arb,SHOP_US,US_D1
arb,DOW,US_D1
arb,APD,US_D1
arb,DECK_US,US_D1
arb,ELF_US,US_D1
arb,DOCS_US,US_D1
arb,RBC_US,US_D1
arb,OMAB,US_D1
arb,IYK_US,US_D1
arb,SMH_US,US_D1
arb,LLY,US_D1
arb,RTX_US,US_D1
arb,ORCL,US_D1
arb,BIDU,US_D1
arb,AAPL,US_D1
arb,CMI,US_D1
arb,CCI,US_D1
arb,QSR_US,US_D1
arb,VC_US,US_D1
arb,ADBE,US_D1
arb,OLN,US_D1
arb,AGCO_US,US_D1
arb,NDX,US_D1
arb,UAL,US_D1
arb,NTAP,US_D1
arb,FDX_US,US_D1
arb,AVAGO,US_D1
arb,FSLR,US_D1
arb,NTR_US,US_D1
arb,XLU_US,US_D1
arb,WIX,US_D1
arb,CIEN,US_D1
arb,ASD,US_D1
arb,CHWY_US,US_D1
arb,EL,US_D1
arb,JBL,US_D1
arb,AIP_US,US_D1
arb,AME,US_D1
arb,FCEL,US_D1
arb,SEI,MTBPROP
arb,EQT,US_D1
arb,HLT,US_D1
arb,CLRX,US_D1
arb,MCHP,US_D1
arb,APO_US,US_D1
arb,SOL_US,US_D1
arb,WULF_US,US_D1
arb,US10YR,US_D1
arb,CCSI,MTBPROP
arb,XLK_US,US_D1
arb,WF_US,US_D1
arb,SMR_US,MTBPROP
arb,LITE_US,US_D1
arb,TTMI_US,US_D1
arb,ENPH_US,US_D1
arb,KRFT,US_D1
arb,GEO_US,US_D1
arb,TSEM_US,US_D1
arb,CLSK_US,US_D1
arb,KR,US_D1
arb,AAL_OQ,US_D1
arb,AMZN,US_D1
arb,BK,US_D1
arb,BA,US_D1
arb,ARRY,US_D1
arb,CARR_US,US_D1
arb,EQIX,US_D1
arb,KLAC,US_D1
arb,SKM_US,US_D1
arb,SAM_US,US_D1
arb,V,US_D1
arb,DAC_US,US_D1
arb,UBER_US,US_D1
arb,GS,US_D1
arb,CPB,US_D1
arb,CE_US,US_D1
arb,LW_US,US_D1
arb,ALGN,US_D1
arb,ZM_US,US_D1
arb,FL,US_D1
arb,PINS_US,US_D1
arb,JD_US,US_D1
arb,ZBRA,US_D1
arb,AI_US,US_D1
arb,MO,US_D1
arb,BBWI_US,US_D1
arb,MKC,US_D1
arb,NOVA_US,US_D1
arb,ULTRA,US_D1
arb,CNHI,US_D1
arb,ZTS,US_D1
arb,HAL,US_D1
arb,ANSS_US,US_D1
arb,KO,US_D1
arb,RUN_US,US_D1
arb,ANET_US,US_D1
arb,AAON_US,US_D1
arb,PEG,US_D1
arb,XLE,US_D1
arb,MOO_US,US_D1
arb,VST_US,US_D1
arb,VICI_US,US_D1
arb,HANS,US_D1
arb,ASPI_US,US_D1
arb,CRWV_US,US_D1
arb,ETN_US,US_D1_OPT
arb,GEV_US,US_D1_OPT
arb,VRT_US,US_D1_OPT
arb,CAMT_US,US_D1
arb,SPNS_US,US_D1
arb,APLD_US,US_D1
arb,SNDK,US_D1
arb,RFC,US_D1
arb,NBIS_US,US_D1_OPT
arb,MS,US_D1
arb,CIFR_US,US_D1
arb,FLEX,US_D1
arb,SANM,US_D1
arb,GEV_US,US_D1
arb,NKE,US_D1
arb,PKG_US,US_D1
arb,FRSH_US,US_D1
arb,AMZN,US_D1_OPT
arb,KLAC,US_D1_OPT
arb,TSLA,US_D1
arb,DELL_US,US_D1_OPT
arb,FXI,US_D1
arb,FCX,US_D1
arb,IGN_US,US_D1
arb,SNOW_US,US_D1
arb,STLD,US_D1
arb,BTDR_US,US_D1
arb,GGAL_US,US_D1
arb,MDB_US,US_D1
arb,LEA,US_D1
arb,SAIC,US_D1
arb,EW,US_D1
arb,MSTR,US_D1
arb,CNC_US,US_D1
arb,EQIX,US_D1_OPT
arb,DXYZ_US,US_D1
arb,QCOM,US_D1
arb,BMBL_US,US_D1
arb,RKLB_US,US_D1
arb,RDW_US,US_D1
arb,LUNR_US,US_D1
arb,ULTA_US,US_D1
arb,SMR_US,US_D1
arb,NNE_US,US_D1
arb,LEU_US,US_D1
arb,META,US_D1
arb,DE,US_D1_OPT
arb,WHR,US_D1_OPT
arb,AFRM_US,US_D1_OPT
arb,FCT_IM,US_D1
arb,KMC,US_D1
arb,LLY,US_D1_OPT
arb,AMD,US_D1_OPT
arb,NVDA,US_D1_OPT
arb,SNOW_US,US_D1_OPT
arb,DAL,US_D1_OPT
arb,UPS,US_D1
arb,CZR_US,US_D1
arb,TPR_US,US_D1
arb,IQV_US,US_D1
arb,WOLF_US,US_D1
arb,SONO,US_D1
arb,MAR_US,US_D1
arb,DDOG_US,US_D1
arb,ASHR,US_D1
arb,EWW,US_D1
arb,DJT_US,US_D1
arb,LAZR_US,US_D1
arb,LSCC_US,US_D1
arb,CLP,US_D1
arb,CBT_US,US_D1
arb,AEVA_US,US_D1
arb,NOW_US,US_D1
arb,DPZ_US,US_D1
arb,BKR_US,US_D1
arb,RGTI_US,US_D1
arb,QBTS_US,US_D1
arb,MMSX,US_D1
arb,MTCH_US,US_D1
arb,LVS,US_D1
arb,NXPI_US,US_D1
arb,FORD,US_D1
arb,LYFT_US,US_D1
arb,MA,US_D1
arb,GPRO_US,US_D1
arb,TMO,US_D1
arb,HCP,US_D1
arb,NFLX,US_D1_OPT
arb,SPG,US_D1
arb,COIN_US,US_D1
arb,LYV,US_D1
arb,IREN_US,US_D1
arb,X_US,US_D1
arb,RIOT_US,US_D1
arb,HOOD_US,US_D1
arb,DASH_US,US_D1
arb,SPWR,US_D1
arb,YUM,US_D1
arb,C,US_D1
arb,SPOT_US,US_D1
arb,SPY,US_D1
arb,ARKK_US,US_D1
arb,FCT_IM-R,US_D1
arb,ENTG,US_D1
arb,ADI,US_D1
arb,BTDR_US,MTBPROP
arb,MSFT,US_D1
arb,RIVN_US,US_D1
arb,EBAY,US_D1
arb,COTY_US,US_D1
arb,UA_US,US_D1
arb,CHV,US_D1
arb,WYNN,US_D1
arb,SWKS,US_D1
arb,VNQ,US_D1
arb,KEP_US,US_D1
arb,KB_US,US_D1
arb,CPNG,US_D1
arb,MNST,US_D1
arb,STXG,US_D1
arb,PKX,US_D1
arb,SNAP_US,US_D1
arb,SHG_US,US_D1
arb,SSD,US_D1
arb,AXTA_US,US_D1
arb,CME_US,US_D1
arb,EWY,US_D1
arb,BX,US_D1
arb,SWK,US_D1
arb,LAP,US_D1
arb,MP_US,US_D1
arb,CFG_US,US_D1
arb,HBAN,US_D1
arb,IONQ_US,US_D1
arb,QQQQ,US_D1
arb,RCL_N,US_D1
arb,RS,US_D1
arb,NVDA,US_D1
arb,AMAT,US_D1
arb,ZS_US,US_D1
arb,W_US,US_D1
arb,PII,US_D1
arb,ST_US,US_D1
arb,OZK_US,US_D1
arb,TXT,US_D1
arb,AOSL_US,US_D1
arb,ROST,US_D1
arb,IR,US_D1
arb,CVE_US,US_D1
arb,EMR,US_D1
arb,JCI,US_D1
arb,SU_US,US_D1
arb,INTC,US_D1
arb,IYT,US_D1
arb,EOG,US_D1
arb,MOS,US_D1
arb,PPG_US,US_D1
arb,ABB,US_D1
arb,SPR_US,US_D1
arb,EWC,US_D1
arb,IYH_N,US_D1
arb,GPN,US_D1
arb,FBK,US_D1
arb,WDAY_US,US_D1
arb,LMT,US_D1
arb,WBD_US,US_D1
arb,GLW,US_D1
arb,AUR_US,US_D1
arb,QUBT_US,US_D1
arb,PANW,US_D1
arb,GIS,US_D1
arb,JNPR,US_D1
arb,RL,US_D1
arb,S_N,US_D1
arb,GNM,US_D1
arb,BLDP_US,US_D1
arb,PLUG,US_D1
arb,APTV_US,US_D1
arb,VMC,US_D1
arb,HWM_US,US_D1
arb,XPEV_US,US_D1
arb,SYK,US_D1
arb,WRK_US,US_D1
arb,KEY,US_D1
arb,VRTV,US_D1
arb,SQM_US,US_D1
arb,TOST_US,US_D1
arb,SCCO_US,US_D1
arb,CAG,US_D1
arb,FLT_US,US_D1
arb,XLV,US_D1
arb,XLB,US_D1
arb,LYB_US,US_D1
arb,BPUS,US_D1
arb,RHI,US_D1
arb,PYPL,US_D1
arb,STMUS,US_D1
arb,DXCM_US,US_D1
arb,ERTS,US_D1
arb,ALBC,US_D1
arb,HUN_N,US_D1
arb,NIO_US,US_D1
arb,FTNT_US,US_D1
arb,GPK_US,US_D1
arb,MCD,US_D1
arb,DB_US,US_D1
arb,H_N,US_D1
arb,SO,US_D1
arb,MU,US_D1
arb,GOOGL,US_D1
arb,CAT,US_D1_OPT
arb,MRVL,US_D1
arb,OWL_US,US_D1
arb,ETSY,US_D1
arb,TER,US_D1
arb,PFE,US_D1
arb,BMY,US_D1
arb,TEX,US_D1
arb,CPRI_US,US_D1
arb,IBM,US_D1
arb,COST,US_D1
arb,TFC_US,US_D1
arb,SHEL_US,US_D1
arb,FITB,US_D1
arb,GRAB_US,US_D1
arb,CAT,US_D1
arb,IFF,US_D1
arb,WFC,US_D1
arb,CRMI,US_D1
arb,ONNN,US_D1
arb,IBUY_US,US_D1
arb,AFRM_US,US_D1
arb,GE,US_D1
arb,DT_US,US_D1
arb,INTU,US_D1
arb,GD,US_D1
arb,ESPO_US,US_D1
arb,ABBV,US_D1
arb,EXPD,US_D1
arb,GT,US_D1
arb,EXPE,US_D1
arb,SLX_US,US_D1
arb,TAN_US,US_D1
arb,MGA_US,US_D1
arb,OWL_US,MTBPROP
arb,GDX,US_D1
arb,COMM_US,US_D1
arb,USB,US_D1
arb,AMD,US_D1
arb,XLY_US,US_D1
arb,LHX_US,US_D1
arb,MRTY,US_D1
arb,ITA_US,US_D1
arb,STZ_US,US_D1
arb,IHI_US,US_D1
arb,PVH,US_D1
arb,TSN,US_D1
arb,MLM,US_D1
arb,HPE_US,US_D1
arb,NEE_US,US_D1
arb,ABNB_US,US_D1
arb,MDT,US_D1
arb,SOXX,US_D1
arb,PM,US_D1
arb,DTEE,US_D1
arb,NEP_US,US_D1
arb,CCL_US,US_D1
arb,WHR,US_D1
arb,XME,US_D1
arb,FOUR_US,US_D1
arb,UNP,US_D1
arb,PCAR,US_D1
arb,MPWR_US,US_D1
arb,COORS,US_D1
arb,NUE,US_D1
arb,PLD,US_D1
arb,SYNA,US_D1
arb,TRIP,US_D1
arb,WDC,US_D1
arb,DKNG_US,US_D1
arb,LCID_US,US_D1
arb,ETN_US,US_D1
arb,BE,US_D1
arb,TGT,US_D1
arb,SBUX,US_D1
arb,SOFI_US,US_D1
arb,PTC_US,US_D1
arb,ARVM,US_D1
arb,SEDG_US,US_D1
arb,TJX,US_D1
arb,XLI,US_D1
arb,OMC,US_D1
arb,MNDQ,US_D1
arb,TYCE,US_D1
arb,MGMM,US_D1
arb,PNC,US_D1
arb,APH,US_D1
arb,XOM,US_D1
arb,IWM,US_D1
arb,RDDT_US,US_D1
arb,PEJ_US,US_D1
arb,XAR_US,US_D1
arb,XRT,US_D1
arb,STLA_US,US_D1
arb,EL,US_D1_OPT
arb,OKTA_US,US_D1
arb,SGML_US,US_D1
arb,JBLU,US_D1
arb,WAB_US,US_D1
arb,ISRG,US_D1
arb,CMSE,US_D1
arb,MOT,US_D1
arb,PG,US_D1
arb,XPO_US,US_D1
arb,CHD_US,US_D1
arb,CLIFF,US_D1
arb,GRMN,US_D1
arb,VZ,US_D1
arb,DELL_US,US_D1
arb,EMN,US_D1
arb,ECL,US_D1
arb,T,US_D1
arb,XLF,US_D1
arb,PCS,US_D1
arb,HWP,US_D1
arb,LUV,US_D1
arb,HSY,US_D1
arb,CSCO,US_D1
arb,LULU_US,US_D1
arb,ONON_US,US_D1
arb,AAL_OQ,US_D1_OPT
arb,CFI,US_D1
arb,K,US_D1
arb,AAL_QQ,US_D1_OPT
arb,PARA_US,US_D1
arb,WSM,US_D1
arb,LRCX,US_D1
arb,FTV_US,US_D1
arb,CBOE_US,US_D1
arb,PDD_US,US_D1
arb,PDD_US,US_D1_OPT
arb,TXN,US_D1
arb,LRCX,US_D1_OPT
arb,CVNA_US,US_D1
arb,NOC,US_D1
arb,TTD_US,US_D1
arb,VRT_US,US_D1
arb,TSLA,US_D1_OPT
arb,AAPL,US_D1_OPT
arb,CHD,US_D1
arb,DOCU_US,US_D1
arb,OXY_US,US_D1
arb,GILD,US_D1
arb,GOOGL,US_D1_OPT
arb,AMAT,US_D1_OPT
arb,MSFT,US_D1_OPT
arb,UAL,US_D1_OPT
arb,PLUG,US_D1_OPT
arb,META,US_D1_OPT
arb,ENPH_US,US_D1_OPT
arb,SEDG_US,US_D1_OPT
arb,MWD,US_D1
arb,NXPI_US,US_D1_OPT
arb,COIN_US,US_D1_OPT
arb,PYPL,US_D1_OPT
arb,ONNN,US_D1_OPT
arb,VFC,US_D1
arb,RCL_N,US_D1_OPT
arb,INTC,US_D1_OPT
arb,NOC,US_D1_OPT
arb,ELV_US,US_D1
arb,MANI,US_D1
arb,FORD,US_D1_OPT
arb,GD,US_D1_OPT
arb,DOW,US_D1_OPT
arb,GNM,US_D1_OPT
arb,LMT,US_D1_OPT
arb,MMNQ,US_D1
arb,PODD_US,US_D1
arb,NKE,US_D1_OPT
arb,XOM,US_D1_OPT
arb,UBER_US,US_D1_OPT
arb,ASMLUS,US_D1
arb,TNDM_US,US_D1
arb,RBLX_US,US_D1
arb,ETN,US_D1_OPT
arb,PFE,US_D1_OPT
arb,DD_US,US_D1
arb,MTUM,US_D1
arb,NFLX,US_D1
arb,DG,US_D1
arb,KKR_US,US_D1
arb,NDAQ,US_D1
arb,SMCI_US,US_D1
arb,LULU_US,US_D1_OPT
arb,DIS,US_D1
arb,MU_GY,US_D1_EU
arb,TKA,US_D1_EU
arb,BAE,US_D1_EU
arb,ULVR-X,US_D1_EU
arb,FRESN,US_D1_EU
arb,BBL,US_D1_EU
arb,UBI,US_D1_EU
arb,TEY_GY,US_D1_EU
arb,KLA_GY,US_D1_EU
arb,EVO_SS,US_D1_EU
arb,OHB,US_D1_EU
arb,SXPAUTO,US_D1_EU
arb,BNP,US_D1_EU
arb,LR,US_D1_EU
arb,ESX,US_D1_EU
arb,ENR,US_D1_EU
arb,OCN_LN,US_D1_EU
arb,NVDA_GY,US_D1_EU
arb,HY9H,US_D1_EU
arb,TL0_GY,US_D1_EU
arb,SSU_GF,US_D1_EU
arb,ABBS,US_D1_EU
arb,DTG_GY,US_D1_EU
arb,ASML,US_D1_EU
arb,SAP,US_D1_EU
arb,ASM,US_D1_EU
arb,VOW3,US_D1_EU
arb,GSZ,US_D1_EU
arb,LVMH,US_D1_EU
arb,DGE,US_D1_EU
arb,ING,US_D1_EU
arb,ELF,US_D1_EU
arb,AMRQ_LN,US_D1_EU
arb,ADS,US_D1_EU
arb,BMW,US_D1_EU
arb,AZN,US_D1_EU
arb,RHM,US_D1_EU
arb,EAD,US_D1_EU
arb,GXO,US_D1_EU
arb,STM,US_D1_EU
arb,SAN-SYN,US_D1_EU
arb,SU,US_D1_EU
arb,RMS,US_D1_EU
arb,AIRP,US_D1_EU
arb,AXAF,US_D1_EU
arb,TAB,US_D1_EU
arb,PIN-PRIN,US_D1_EU
arb,SAF,US_D1_EU
arb,VINCI,US_D1_EU
arb,RR,US_D1_EU
arb,EL,US_D1_EU
arb,EI,US_D1_EU
arb,ANTO,US_D1_EU
arb,REL,US_D1_EU
arb,GLEN,US_D1_EU
arb,RWE,US_D1_EU
arb,BAY,US_D1_EU
arb,MUV2,US_D1_EU
arb,LOREAL,US_D1_EU
arb,CAPP,US_D1_EU
arb,ABIB,US_D1_EU
arb,RDS,US_D1_EU
arb,WKL,US_D1_EU
arb,PRX_NA,US_D1_EU
arb,SIE,US_D1_EU
arb,ADYEN,US_D1_EU
arb,ALV,US_D1_EU
arb,DCX,US_D1_EU
arb,DTE,US_D1_EU
arb,IFX,US_D1_EU
arb,BESI,US_D1_EU
arb,DBK,US_D1_EU
arb,DPW,US_D1_EU
arb,BAS,US_D1_EU
arb,CBK,US_D1_EU
arb,BP,US_D1_EU
arb,HSB,US_D1_EU
arb,RTZ,US_D1_EU
arb,ULVR,US_D1_EU
arb,TLRY1,WACKER
arb,TLRY,WACKER
arb,TMQ_US,WACKER
arb,SKE_US,WACKER
arb,CADUSD,WACKER
arb,AGI_US,WACKER
arb,IAG_US,WACKER
arb,FVI_US,WACKER
arb,EQX_US,WACKER
arb,NGD_US,WACKER
arb,K_US,WACKER
arb,PAAS_US,WACKER
arb,GLDS,WACKER
arb,AG_US,WACKER
arb,B_US,WACKER
arb,IBIT_US,WACKER
arb,SUNC_US,WACKER
arb,SLV,WACKER
arb,SUN_US,WACKER
arb,ERO_US,WACKER
arb,LAC_US,WACKER
arb,NXE_US,WACKER
arb,UUUU_US,WACKER
arb,FSM_US,WACKER
arb,KGC_US,WACKER
arb,SSRM_US,WACKER
arb,SA_US,WACKER
arb,WPM_US,WACKER
arb,OR_US,WACKER
arb,CGAU_US,WACKER
arb,TFPM_US,WACKER
arb,HMB_US,WACKER
arb,HBM_US,WACKER
arb,TAC_US,WACKER
arb,CCO_US,WACKER
arb,CLS,WACKER
arb,COST,WACKER
arb,MSFT,WACKER
arb,TSLA,WACKER
arb,AAPL,WACKER
arb,GOOG,WACKER
arb,META,WACKER
arb,NVDA,WACKER
arb,AMZN,WACKER
arb,AMD,WACKER
arb,BRK-B,WACKER
arb,EXE_US,WACKER
arb,CLIFF,WACKER
arb,VLO,WACKER
arb,OXY_US,WACKER
arb,DVN_US,WACKER
arb,SLB,WACKER
arb,APA,WACKER
arb,TRGP_US,WACKER
arb,CHK,WACKER
arb,NTR_US,WACKER
arb,PRMB_US,WACKER
arb,CDE,WACKER
arb,PBA_US,WACKER
arb,SU_US,WACKER
arb,BMO_US,WACKER
arb,ENB_US,WACKER
arb,BCE_US,WACKER
arb,TD_US,WACKER
arb,BNS_US,WACKER
arb,CP_US,WACKER
arb,CM_US,WACKER
arb,CVE_US,WACKER
arb,AEM_US,WACKER
arb,CGC_US,WACKER
arb,NEM,WACKER
arb,BB,WACKER
arb,RGLD,WACKER
arb,ACB_US,WACKER
arb,RY_US,WACKER
arb,SHOP_US,WACKER
arb,GOLD_US,WACKER
arb,CNQ_US,WACKER
arb,TRP_US,WACKER
arb,OVV_US,WACKER
arb,CHRD_US,WACKER
arb,FNV_US,WACKER
arb,DAN_D,STOCKS_DIV
arb,FME_D,STOCKS_DIV
arb,DTE_D,STOCKS_DIV
arb,EN_D,STOCKS_DIV
arb,CON_D,STOCKS_DIV
arb,EAD_D,STOCKS_DIV
arb,PIN-PRIN_D,STOCKS_DIV
arb,SIE_D,STOCKS_DIV
arb,POR3_D,STOCKS_DIV
arb,VIE_D,STOCKS_DIV
arb,SU_D,STOCKS_DIV
arb,RNO_D,STOCKS_DIV
arb,DPW_D,STOCKS_DIV
arb,PUM_D,STOCKS_DIV
arb,VNA_D,STOCKS_DIV
arb,GSZ_D,STOCKS_DIV
arb,AGN_D,STOCKS_DIV
arb,SAF_D,STOCKS_DIV
arb,DAST_D,STOCKS_DIV
arb,RDS_D,STOCKS_DIV
arb,CRAG_D,STOCKS_DIV
arb,EOA_D,STOCKS_DIV
arb,ING_D,STOCKS_DIV
arb,ML_D,STOCKS_DIV
arb,LOREAL_D,STOCKS_DIV
arb,AIRP_D,STOCKS_DIV
arb,PRX_NA_D,STOCKS_DIV
arb,LVMH_D,STOCKS_DIV
arb,MBG_D,STOCKS_DIV
arb,ADS_D,STOCKS_DIV
arb,RWE_D,STOCKS_DIV
arb,DTG_GY_D,STOCKS_DIV
arb,P911_D,STOCKS_DIV
arb,SAN-SYN_D,STOCKS_DIV
arb,CARRE_D,STOCKS_DIV
arb,TCFP_D,STOCKS_DIV
arb,ENR_D,STOCKS_DIV
arb,LHA_D,STOCKS_DIV
arb,PERN_D,STOCKS_DIV
arb,FTE_D,STOCKS_DIV
arb,SGO_D,STOCKS_DIV
arb,STLA_D,STOCKS_DIV
arb,UL_D,STOCKS_DIV
arb,CAPP_D,STOCKS_DIV
arb,BNP_D,STOCKS_DIV
arb,ARCM_D,STOCKS_DIV
arb,SAP_D,STOCKS_DIV
arb,SOC-GEN_D,STOCKS_DIV
arb,ELF_D,STOCKS_DIV
arb,IFX_D,STOCKS_DIV
arb,EI_D,STOCKS_DIV
arb,TKA_D,STOCKS_DIV
arb,VINCI_D,STOCKS_DIV
arb,CBK_D,STOCKS_DIV
arb,DBK_D,STOCKS_DIV
arb,BAS_D,STOCKS_DIV
arb,AXAF_D,STOCKS_DIV
arb,BMW_D,STOCKS_DIV
arb,VOW3_D,STOCKS_DIV
arb,SIE,STOCKS_EUR
arb,TUI-R,STOCKS_EUR
arb,ALV,STOCKS_EUR
arb,CEO,STOCKS_EUR
arb,DB1,STOCKS_EUR
arb,DBK,STOCKS_EUR
arb,DCX,STOCKS_EUR
arb,DCX-X,STOCKS_EUR
arb,DSFIR,STOCKS_EUR
arb,DTE,STOCKS_EUR
arb,DTG_GY,STOCKS_EUR
arb,EOA,STOCKS_EUR
arb,FTSETF,STOCKS_EUR
arb,LHA,STOCKS_EUR
arb,MEO,STOCKS_EUR
arb,MUV2,STOCKS_EUR
arb,NOK,STOCKS_EUR
arb,POR3,STOCKS_EUR
arb,SIE-X,STOCKS_EUR
arb,TKA,STOCKS_EUR
arb,TKA-X,STOCKS_EUR
arb,TKMS_GY,STOCKS_EUR
arb,TUI,STOCKS_EUR
arb,VOW3,STOCKS_EUR
arb,AMS,STOCKS_EUR2
arb,BBVA,STOCKS_EUR2
arb,DPW,STOCKS_EUR2
arb,ADS,STOCKS_EUR
arb,BAS,STOCKS_EUR
arb,BAY,STOCKS_EUR
arb,BMW,STOCKS_EUR
arb,SAP,STOCKS_EUR
arb,CBK,STOCKS_EUR
arb,DBK_D,STOCKS_EUR
arb,HOT,STOCKS_EUR4
arb,TEF,STOCKS_EUR4
arb,ENR,STOCKS_EUR
arb,BAYWA,JCPROP
arb,RWE,STOCKS_EUR
arb,GLPG_BR,JCPROP
arb,LHA,JCPROP
arb,PUM,STOCKS_EUR2
arb,LHA,JNR_STOCKS_EUR
arb,TUI-R,JCPROP
arb,TUI,JCPROP
arb,LOREAL10,STOCKS_EUR
arb,UMG,STOCKS_EUR
arb,PHIL,STOCKS_EUR
arb,EAD,STOCKS_EUR2
arb,AGN,STOCKS_EUR
arb,RDS,STOCKS_EUR
arb,TMICC,STOCKS_EUR
arb,PRY,STOCKS_EUR4
arb,BNP,STOCKS_EUR
arb,CARRE,STOCKS_EUR
arb,CRAG,STOCKS_EUR
arb,DAN,STOCKS_EUR
arb,FTE,STOCKS_EUR
arb,G,STOCKS_EUR
arb,ING,STOCKS_EUR
arb,LOREAL,STOCKS_EUR
arb,RACE_IM,STOCKS_EUR
arb,RNO,STOCKS_EUR
arb,SOC-GEN,STOCKS_EUR
arb,STLA_IM,STOCKS_EUR
arb,UC,STOCKS_EUR
arb,UN,STOCKS_EUR
arb,UN-X,STOCKS_EUR
arb,UPM1V,STOCKS_EUR
arb,UPM_FH,STOCKS_EUR
arb,ABIB,STOCKS_EUR2
arb,AH,STOCKS_EUR2
arb,AKM,STOCKS_EUR2
arb,AKZ,STOCKS_EUR2
arb,ALO,STOCKS_EUR2
arb,ALO-R,STOCKS_EUR2
arb,ASML,STOCKS_EUR2
arb,DSFIR,STOCKS_EUR2
arb,DSM,STOCKS_EUR2
arb,EAPI,STOCKS_EUR2
arb,LVMH,STOCKS_EUR2
arb,ARCM,STOCKS_EUR
arb,BIT,STOCKS_EUR
arb,LVMH10,STOCKS_EUR2
arb,FCB,STOCKS_EUR4
arb,FCT_IM,STOCKS_EUR4
arb,PIN-PRIN,STOCKS_EUR2
arb,PIN-PRIN10,STOCKS_EUR2
arb,RMS,STOCKS_EUR2
arb,RMS10,STOCKS_EUR2
arb,SAN-SYN,STOCKS_EUR2
arb,SAN-SYN-X,STOCKS_EUR2
arb,SGO,STOCKS_EUR2
arb,SU,STOCKS_EUR2
arb,VIE,STOCKS_EUR2
arb,VINCI,STOCKS_EUR2
arb,VK,STOCKS_EUR2
arb,ADYEN,STOCKS_EUR4
arb,AMP_IM,STOCKS_EUR4
arb,ARG,STOCKS_EUR4
arb,AZM,STOCKS_EUR4
arb,BAMI,STOCKS_EUR4
arb,BC_IM,STOCKS_EUR4
arb,BGN_IM,STOCKS_EUR4
arb,BMED_IM,STOCKS_EUR4
arb,BPE_IM,STOCKS_EUR4
arb,BZU_IM,STOCKS_EUR4
arb,CPR_IM,STOCKS_EUR4
arb,DIA_IM,STOCKS_EUR4
arb,DIE,STOCKS_EUR4
arb,ERG_IM,STOCKS_EUR4
arb,IF_IM,STOCKS_EUR4
arb,INW,STOCKS_EUR4
arb,IP_IM,STOCKS_EUR4
arb,IVG_IM,STOCKS_EUR4
arb,JUVE_IM,STOCKS_EUR4
arb,LDO_IM,STOCKS_EUR4
arb,MB,STOCKS_EUR4
arb,MONC_IM,STOCKS_EUR4
arb,MONC_MI,STOCKS_EUR4
arb,NEXI,STOCKS_EUR4
arb,PIRC_IM,STOCKS_EUR4
arb,PST,STOCKS_EUR4
arb,REY_IM,STOCKS_EUR4
arb,SES_IM,STOCKS_EUR4
arb,SPM_IM,STOCKS_EUR4
arb,SRG_IM,STOCKS_EUR4
arb,STM,STOCKS_EUR4
arb,STM_IM,STOCKS_EUR4
arb,TEN_IM,STOCKS_EUR4
arb,TIT_IM,STOCKS_EUR4
arb,ELF,STOCKS_EUR
arb,ENEL,STOCKS_EUR
arb,ENI,STOCKS_EUR
arb,UL1,STOCKS_EUR2
arb,UNI_IM,STOCKS_EUR4
arb,ING,JNR_STOCKS_EUR
arb,TRN_IM,STOCKS_EUR4
arb,AXAF,STOCKS_EUR
arb,VIVENDI,STOCKS_EUR
arb,KPN,STOCKS_EUR
arb,VOD_US,BROADWAY
arb,FLTR_US,BROADWAY
arb,MGMM,BROADWAY
arb,BX,BROADWAY
arb,WHR,BROADWAY
arb,PVH,BROADWAY
arb,ALGN,BROADWAY
arb,PCS,BROADWAY
arb,MPWR_US,BROADWAY
arb,WMT,BROADWAY
arb,TEAM_US,BROADWAY
arb,VALE,BROADWAY
arb,CSCO,BROADWAY
arb,KRE_US,BROADWAY
arb,EL,BROADWAY
arb,QCOM,BROADWAY
arb,COST,BROADWAY
arb,DIS,BROADWAY
arb,LMT,BROADWAY
arb,ORCL,BROADWAY
arb,LULU_US,BROADWAY
arb,NFLX,BROADWAY
arb,PLD,BROADWAY
arb,INTC,BROADWAY
arb,AVAGO,BROADWAY
arb,FCX,BROADWAY
arb,QQQQ,BROADWAY
arb,USB,BROADWAY
arb,GOOG,BROADWAY
arb,VZ,BROADWAY
arb,MU,BROADWAY
arb,DPZ_US,BROADWAY
arb,RTX_US,BROADWAY
arb,ACN,BROADWAY
arb,CCL_US,BROADWAY
arb,AXP,BROADWAY
arb,GNM,BROADWAY
arb,JNJ,BROADWAY
arb,NXPI_US,BROADWAY
arb,AMAT,BROADWAY
arb,UA_US,BROADWAY
arb,HD,BROADWAY
arb,X_US,BROADWAY
arb,KR,BROADWAY
arb,BA,BROADWAY
arb,BAC,BROADWAY
arb,UPS,BROADWAY
arb,MA,BROADWAY
arb,AAPL,BROADWAY
arb,JPM,BROADWAY
arb,RCL_N,BROADWAY
arb,SCH,BROADWAY
arb,C,BROADWAY
arb,UAL,BROADWAY
arb,DE,BROADWAY
arb,FDX_US,BROADWAY
arb,GS,BROADWAY
arb,MWD,BROADWAY
arb,XOM,BROADWAY
arb,TGT,BROADWAY
arb,HSBC_US,BROADWAY
arb,XLY_US,BROADWAY
arb,XLB,BROADWAY
arb,XLU_US,BROADWAY
arb,IWM,BROADWAY
arb,XLF,BROADWAY
arb,XLV,BROADWAY
arb,XLI,BROADWAY
arb,XME,BROADWAY
arb,XLE,BROADWAY
arb,CHV,BROADWAY
arb,ONNN,BROADWAY
arb,NUE,BROADWAY
arb,T,BROADWAY
arb,V,BROADWAY
arb,CRMI,BROADWAY
arb,CAT,BROADWAY
arb,TXN,BROADWAY
arb,MSFT,BROADWAY
arb,WFC,BROADWAY
arb,DOW,BROADWAY
arb,NVDA,BROADWAY
arb,AMD,BROADWAY
arb,LVS,BROADWAY
arb,FORD,BROADWAY
arb,NKE,BROADWAY
arb,NEM,BROADWAY
arb,CTSH,BROADWAY
arb,HLT,BROADWAY
arb,AAL_OQ,BROADWAY
arb,PM,BROADWAY
arb,IBM,BROADWAY
arb,XLK_US,BROADWAY
arb,XLP,BROADWAY
arb,MT_US,BROADWAY
arb,JWN,BROADWAY
arb,SPY,BROADWAY
arb,FRANK,BROADWAY
arb,BHP_US,BROADWAY
arb,BPUS,BROADWAY
arb,SHEL_US,BROADWAY
arb,ELF_US,BROADWAY
arb,WB_US,BROADWAY
arb,IVZ,BROADWAY
arb,VRIO,BROADWAY
arb,RVTY_US,BROADWAY
arb,TSLA,BROADWAY
arb,META,BROADWAY
arb,AMZN,BROADWAY
arb,MRVL,BROADWAY
arb,LIN,STOCKS_EUR2
arb,PTNL,STOCKS_EUR2
arb,TOM2,STOCKS_EUR2
arb,CON,STOCKS_EUR2
arb,NOEJ_DE,STOCKS_EUR4
arb,F,STOCKS_EUR
arb,SDF,STOCKS_EUR
arb,AIX,STOCKS_EUR2
arb,BEI,STOCKS_EUR2
arb,CON-X,STOCKS_EUR2
arb,FME,STOCKS_EUR2
arb,FRES,STOCKS_EUR2
arb,AUMV,STOCKS_EUR2
arb,HEN3,STOCKS_EUR2
arb,HNR1,STOCKS_EUR2
arb,LXS,STOCKS_EUR2
arb,MERC,STOCKS_EUR2
arb,FIEG_DE,STOCKS_EUR4
arb,FPE3,STOCKS_EUR4
arb,FPORT,STOCKS_EUR4
arb,FRN,STOCKS_EUR4
arb,G1A,STOCKS_EUR4
arb,GBF,STOCKS_EUR4
arb,GLJ,STOCKS_EUR4
arb,SHA,STOCKS_EUR2
arb,SZG,STOCKS_EUR2
arb,VTSC,STOCKS_EUR2
arb,VTSC1,STOCKS_EUR2
arb,1COV_DE,STOCKS_EUR4
arb,AAR,STOCKS_EUR4
arb,ADJ,STOCKS_EUR4
arb,AOXG_DE,STOCKS_EUR4
arb,AT1,STOCKS_EUR4
arb,AUR,STOCKS_EUR4
arb,BC8G_DE,STOCKS_EUR4
arb,BOSS,STOCKS_EUR4
arb,BTAG,STOCKS_EUR4
arb,BVB_GY,STOCKS_EUR4
arb,CEO,STOCKS_EUR4
arb,COPMA_DE,STOCKS_EUR4
arb,DHER,STOCKS_EUR4
arb,DWN,STOCKS_EUR4
arb,DRW3,STOCKS_EUR4
arb,DUE,STOCKS_EUR4
arb,EIE3,STOCKS_EUR4
arb,EVK,STOCKS_EUR4
arb,EVT,STOCKS_EUR4
arb,GXI,STOCKS_EUR4
arb,HAG,STOCKS_EUR4
arb,HDD,STOCKS_EUR4
arb,HEIG,STOCKS_EUR4
arb,HFG,STOCKS_EUR4
arb,IBE,STOCKS_EUR4
arb,ITX,STOCKS_EUR4
arb,JUNG_P_DE,STOCKS_EUR4
arb,KGX,STOCKS_EUR4
arb,LEGIM,STOCKS_EUR4
arb,LEO,STOCKS_EUR4
arb,MFEA_IM,STOCKS_EUR4
arb,MORG_DE,STOCKS_EUR4
arb,MTX,STOCKS_EUR4
arb,NEKG_DE,STOCKS_EUR4
arb,NORD,STOCKS_EUR4
arb,PSM,STOCKS_EUR4
arb,QIA,STOCKS_EUR4
arb,RHM,STOCKS_EUR4
arb,S92_GY,STOCKS_EUR4
arb,SAN_SM,STOCKS_EUR4
arb,SGL,STOCKS_EUR4
arb,SHEALTH,STOCKS_EUR4
arb,SIXG_DE,STOCKS_EUR4
arb,SMHN_GY,STOCKS_EUR4
arb,SOW4,STOCKS_EUR4
arb,SRT3_GY,STOCKS_EUR4
arb,SY1,STOCKS_EUR4
arb,SZU,STOCKS_EUR4
arb,TAGI,STOCKS_EUR4
arb,TLX,STOCKS_EUR4
arb,TMV,STOCKS_EUR4
arb,VNA,STOCKS_EUR4
arb,ZAL,STOCKS_EUR4
arb,DEZG_DE,STOCKS_EUR4
arb,VAR1,STOCKS_EUR4
arb,WACK,STOCKS_EUR4
arb,CONAB,STOCKS_EUR2
arb,RAAG_DE,STOCKS_EUR4
arb,IFX,STOCKS_EUR2
arb,KRNG_DE,STOCKS_EUR4
arb,DEQ,STOCKS_EUR4
arb,SBMO,STOCKS_EUR2
arb,AIRP-X,STOCKS_EUR2
arb,EDF,STOCKS_EUR
arb,FGR,STOCKS_EUR4
arb,STLA,STOCKS_EUR
arb,AC,STOCKS_EUR2
arb,AIRP,STOCKS_EUR2
arb,CAPP,STOCKS_EUR2
arb,EI,STOCKS_EUR2
arb,EI10,STOCKS_EUR2
arb,EN,STOCKS_EUR2
arb,HEI,STOCKS_EUR2
arb,LR,STOCKS_EUR2
arb,AF,STOCKS_EUR
arb,FRVIA,STOCKS_EUR4
arb,ML,STOCKS_EUR2
arb,PERN,STOCKS_EUR2
arb,PUB,STOCKS_EUR2
arb,REN,STOCKS_EUR2
arb,RSTD,STOCKS_EUR2
arb,STM,STOCKS_EUR2
arb,TEC-E,STOCKS_EUR2
arb,UL,STOCKS_EUR2
arb,UMI,STOCKS_EUR2
arb,WKL,STOCKS_EUR2
arb,CO,STOCKS_EUR4
arb,DAST,STOCKS_EUR4
arb,EO,STOCKS_EUR4
arb,RCO,STOCKS_EUR4
arb,SAF,STOCKS_EUR4
arb,SAX,STOCKS_EUR4
arb,SAX-R,STOCKS_EUR4
arb,SAX-X,STOCKS_EUR4
arb,SCO,STOCKS_EUR4
arb,SOI,STOCKS_EUR4
arb,TKWY,STOCKS_EUR4
arb,TOM2,STOCKS_EUR4
arb,WLN_FP,STOCKS_EUR4
arb,GSZ,STOCKS_EUR
arb,GSZ,FAKE_STOCKS_EUR
arb,CPW,STOCKS_EUR2
arb,GLEN,STOCKS_EUR
arb,LS,STOCKS_EUR2
arb,BP,STOCKS_EUR
arb,HSB,STOCKS_EUR
arb,LS,STOCKS_EUR
arb,AZN,STOCKS_EUR2
arb,BAE,STOCKS_EUR2
arb,GXO,STOCKS_EUR2
arb,GXO-X,STOCKS_EUR2
arb,HLN,STOCKS_EUR2
arb,BBL,STOCKS_EUR
arb,RDSB,STOCKS_EUR2
arb,SAN,STOCKS_EUR2
arb,SAN-X,STOCKS_EUR2
arb,TAB,STOCKS_EUR2
arb,JMAT,STOCKS_EUR4
arb,ASBF,STOCKS_EUR2
arb,SRP,STOCKS_EUR2
arb,CTR,STOCKS_EUR2
arb,RB,STOCKS_EUR2
arb,ANG_P,STOCKS_EUR2
arb,RTZ,STOCKS_EUR2
arb,DGE,STOCKS_EUR2
arb,CRDA,STOCKS_EUR4
arb,EMG,STOCKS_EUR2
arb,ANG,STOCKS_EUR2
arb,ANTO,STOCKS_EUR2
arb,BLND,STOCKS_EUR2
arb,BLT,STOCKS_EUR2
arb,BRBY,STOCKS_EUR2
arb,BTG,STOCKS_EUR2
arb,CPG,STOCKS_EUR2
arb,CUA,STOCKS_EUR2
arb,FRESN,STOCKS_EUR2
arb,GVC_LN,STOCKS_EUR2
arb,ICAG,STOCKS_EUR2
arb,IH,STOCKS_EUR2
arb,IHG,STOCKS_EUR2
arb,IMP,STOCKS_EUR2
arb,INDV,STOCKS_EUR2
arb,ITV,STOCKS_EUR2
arb,KGF,STOCKS_EUR2
arb,LGN,STOCKS_EUR2
arb,MICC,STOCKS_EUR2
arb,MKS,STOCKS_EUR2
arb,EZJ,STOCKS_EUR4
arb,FERG,STOCKS_EUR4
arb,FLTR,STOCKS_EUR4
arb,MNG,STOCKS_EUR2
arb,MRW,STOCKS_EUR2
arb,NGG,STOCKS_EUR2
arb,NXT,STOCKS_EUR2
arb,PFC,STOCKS_EUR2
arb,POC,STOCKS_EUR2
arb,PRU,STOCKS_EUR2
arb,PSON,STOCKS_EUR2
arb,RMG,STOCKS_EUR2
arb,RR,STOCKS_EUR2
arb,SCB,STOCKS_EUR2
arb,SGE,STOCKS_EUR2
arb,SN,STOCKS_EUR2
arb,SSE,STOCKS_EUR2
arb,ULVR-X,STOCKS_EUR2
arb,TGA_LN,STOCKS_EUR2
arb,TLW,STOCKS_EUR2
arb,TMICC,STOCKS_EUR2
arb,TSB-X,STOCKS_EUR2
arb,TSCO,STOCKS_EUR2
arb,ULVR,STOCKS_EUR2
arb,UU,STOCKS_EUR2
arb,VOD,STOCKS_EUR2
arb,ADMRL,STOCKS_EUR4
arb,AHT,STOCKS_EUR4
arb,ASBF,STOCKS_EUR4
arb,BABC,STOCKS_EUR4
arb,BBOX_LN,STOCKS_EUR4
arb,BDEV,STOCKS_EUR4
arb,BNZL,STOCKS_EUR4
arb,CCHF,STOCKS_EUR4
arb,CPI,STOCKS_EUR4
arb,CRH,STOCKS_EUR4
arb,DCC,STOCKS_EUR4
arb,DLGL,STOCKS_EUR4
arb,EXPN,STOCKS_EUR4
arb,HLMA,STOCKS_EUR4
arb,HMSO,STOCKS_EUR4
arb,HRGV,STOCKS_EUR4
arb,III,STOCKS_EUR4
arb,IMI,STOCKS_EUR4
arb,INF_LN,STOCKS_EUR4
arb,ITRK,STOCKS_EUR4
arb,JD_LN,STOCKS_EUR4
arb,LSE,STOCKS_EUR4
arb,MGGT,STOCKS_EUR4
arb,MLRDOWL,STOCKS_EUR4
arb,MLRO,STOCKS_EUR4
arb,MONDI,STOCKS_EUR4
arb,OCDO,STOCKS_EUR4
arb,PHNX_LN,STOCKS_EUR4
arb,PSN_LN,STOCKS_EUR4
arb,QLT_LN,STOCKS_EUR4
arb,REL,STOCKS_EUR4
arb,RMV,STOCKS_EUR4
arb,ROO,STOCKS_EUR4
arb,S32_LN,STOCKS_EUR4
arb,SDR,STOCKS_EUR4
arb,SGRO,STOCKS_EUR4
arb,SLA,STOCKS_EUR4
arb,SMIN,STOCKS_EUR4
arb,SRP,STOCKS_EUR4
arb,STJ,STOCKS_EUR4
arb,SVT,STOCKS_EUR4
arb,TATE,STOCKS_EUR4
arb,WISE,STOCKS_EUR4
arb,WPP,STOCKS_EUR4
arb,WEIR,STOCKS_EUR4
arb,WLH,STOCKS_EUR4
arb,WTB,STOCKS_EUR4
arb,DARK,STOCKS_EUR4
arb,UTG_LN,STOCKS_EUR4
arb,TW,STOCKS_EUR4
arb,ANG-X,STOCKS_EUR2
arb,EZJ,JCPROP
arb,SPD,STOCKS_EUR4
arb,RBS,STOCKS_EUR2
arb,ASOS_L,STOCKS_EUR4
arb,RTO,STOCKS_EUR4
arb,AEX,STOCKS_EUR
arb,DAX,STOCKS_EUR
arb,ESX,STOCKS_EUR4
arb,ESX,STOCKS_EUR
arb,SXEBANKS,STOCKS_EUR
arb,SXPBASIC,STOCKS_EUR
arb,ESX,STOCKS_EUR2
arb,ESX,STOCKS_SECTORS
arb,FTSE,STOCKS_EUR
arb,FTSE,STOCKS_EUR2
arb,FTSE,STOCKS_EUR4
arb,COPPER_US,STOCKS_SECTORS
arb,SXPXXP,STOCKS_EUR
arb,SXPBANKS,STOCKS_EUR
arb,SXEBANKS,STOCKS_SECTORS
arb,SXEAUTO,STOCKS_SECTORS
arb,SXECONS,STOCKS_SECTORS
arb,SXPCONS,STOCKS_SECTORS
arb,SXPHLTH,STOCKS_SECTORS
arb,SXETECH,STOCKS_SECTORS
arb,SXETRVL,STOCKS_SECTORS
arb,SXEFOOD,STOCKS_SECTORS
arb,SXPCNSMR,STOCKS_SECTORS
arb,SXPENRGY,STOCKS_SECTORS
arb,SXPTELCO,STOCKS_SECTORS
arb,SXPBASIC,STOCKS_SECTORS
arb,SXPAUTO,STOCKS_SECTORS
arb,SXEINDU,STOCKS_SECTORS
arb,SXEHLTH,STOCKS_SECTORS
arb,SXPRETL,STOCKS_SECTORS
arb,SXEOIL,STOCKS_SECTORS
arb,SXEFINS,STOCKS_SECTORS
arb,SXPINDU,STOCKS_SECTORS
arb,SXEDRUG,STOCKS_SECTORS
arb,SXPOIL,STOCKS_SECTORS
arb,SXPTECH,STOCKS_SECTORS
arb,SXPFINS,STOCKS_SECTORS
arb,SXEPERS,STOCKS_SECTORS
arb,SXPDRUG,STOCKS_SECTORS
arb,SXEUTIL,STOCKS_SECTORS
arb,SXPPERS,STOCKS_SECTORS
arb,SXPUTIL,STOCKS_SECTORS
arb,SXPTRVL,STOCKS_SECTORS
arb,SXEREAL,STOCKS_SECTORS
arb,SXETOBAC,STOCKS_SECTORS
arb,SXECHEM,STOCKS_SECTORS
arb,SXPXXP,STOCKS_SECTORS
arb,SXPREAL,STOCKS_SECTORS
arb,SXEMEDIA,STOCKS_SECTORS
arb,SXPTOBAC,STOCKS_SECTORS
arb,SXPCHEM,STOCKS_SECTORS
arb,SXPBANKS,STOCKS_SECTORS
arb,SXPMEDIA,STOCKS_SECTORS
arb,SXEINSUR,STOCKS_SECTORS
arb,SXPFOOD,STOCKS_SECTORS
arb,SXEBASIC,STOCKS_SECTORS
arb,SXEENRGY,STOCKS_SECTORS
arb,SXECNSMR,STOCKS_SECTORS
arb,SXPINSUR,STOCKS_SECTORS
arb,SXETELCO,STOCKS_SECTORS
arb,SXERETL,STOCKS_SECTORS
arb,NDQ,INDEXPROP
arb,RL2K,INDEXPROP
arb,VIX,INDEXPROP
arb,VIX,JCPROP
arb,VIX,VPROP
korea,MKOSPI,KIMCHI
korea,D_KOSPI,MABEOB
korea,MKOSPI,MABEOB
korea,SAMSUNGELE,KOREA
korea,SAMSUNGELE,MABEOB
korea,SAMSUNGELE,KIMCHI
korea,MKOSPI,KOREA
korea,D_KOSPI,KIMCHI
korea,KOSPI,KIMCHI
korea,KOSPI,KOREA
korea,KOSPI,MABEOB
korea,D_KOSPI,KOREA
nse,ADE_IN,TIGER
nse,ADE_IN,FAKE_TIGER
nse,AXSB_IN,FAKE_TIGER
nse,AXSB_IN,TIGER
nse,BAF_IN,FAKE_TIGER
nse,BAF_IN,TIGER
nse,BHARTI_IN,TIGER
nse,BHARTI_IN,FAKE_TIGER
nse,DIXON_IN,TIGER
nse,DIXON_IN,FAKE_TIGER
nse,HDFCB_IN,FAKE_TIGER
nse,HDFCB_IN,TIGER
nse,ICICIBC_IN,TIGER
nse,ICICIBC_IN,FAKE_TIGER
nse,INFO_IN,FAKE_TIGER
nse,INFO_IN,TIGER
nse,MSIL_IN,TIGER
nse,MSIL_IN,FAKE_TIGER
nse,NIFTY,FAKE_TIGER
nse,NIFTY,TIGER
nse,NIFTYBANK,TIGER
nse,NIFTYBANK,FAKE_TIGER
nse,ONGC_IN,TIGER
nse,RELIANCE_IN,TIGER
nse,RELIANCE_IN,FAKE_TIGER
nse,SBIN_IN,TIGER
nse,SBIN_IN,FAKE_TIGER
nse,TATASTEEL_IN,TIGER
nse,TATASTEEL_IN,FAKE_TIGER
nse,TATA_IN,TIGER
nse,TCS_IN,TIGER
nse,TCS_IN,FAKE_TIGER
nse,TRENT_IN,TIGER
nse,TRENT_IN,FAKE_TIGER
asx,AU90,ASX_BONDS
asx,XT,ASX_BONDS
asx,YT,ASX_BONDS
asx,AM,ASX_INDEX
asx,AP,ASX_BONDS
asx,XJO,ASX_INDEX
asx,AP,ASX_INDEX
asx,BN_AU,AUS_ELEC
asx,BQ_AU,AUS_ELEC
asx,BV_AU,AUS_ELEC
asx,EN_AU,AUS_ELEC
asx,EQ_AU,AUS_ELEC
asx,EV_AU,AUS_ELEC
asx,GN_AU,AUS_ELEC
asx,GQ_AU,AUS_ELEC
asx,GV_AU,AUS_ELEC
asx,PN_AU,AUS_ELEC
asx,PQ_AU,AUS_ELEC
asx,PV_AU,AUS_ELEC
asx,XJO,AUS_TEST
asx,XJO,AUS_STOCKS
asx,XJO_FAKE,AUS_STOCKS
asx,AP,AUS_TEST
asx,AP,AUS_STOCKS
asx,A2M_AU,AUS_TEST
asx,A2M_AU,AUS_STOCKS
asx,AGL_AU,AUS_STOCKS
asx,AGL_AU,AUS_TEST
asx,AKE_AU,AUS_STOCKS
asx,AKE_AU,AUS_TEST
asx,ALD_AU,AUS_STOCKS
asx,ALD_AU,AUS_TEST
asx,ALL_AU,AUS_STOCKS
asx,ALL_AU,AUS_TEST
asx,ALU_AU,AUS_TEST
asx,ALU_AU,AUS_STOCKS
asx,AMC_AU,AUS_STOCKS
asx,AMC_AU,AUS_TEST
asx,AMP_AU,AUS_STOCKS
asx,AMP_AU,AUS_TEST
asx,ANN_AU,AUS_TEST
asx,ANN_AU,AUS_STOCKS
asx,ANZ_AU,AUS_STOCKS
asx,ANZ_AU,AUS_TEST
asx,APA_AU,AUS_TEST
asx,APA_AU,AUS_STOCKS
asx,ASX_AU,AUS_TEST
asx,ASX_AU,AUS_STOCKS
asx,AUDUSD,AUS_STOCKS
asx,AWC_AU,AUS_TEST
asx,AWC_AU,AUS_STOCKS
asx,AZJ_AU,AUS_TEST
asx,AZJ_AU,AUS_STOCKS
asx,BEN_AU,AUS_TEST
asx,BEN_AU,AUS_STOCKS
asx,BGL_AU,AUS_STOCKS
asx,BGL_AU,AUS_TEST
asx,BHP_AU,AUS_TEST
asx,BHP_AU,AUS_STOCKS
asx,BLD-X,AUS_STOCKS
asx,BLD_AU,AUS_TEST
asx,BLD_AU,AUS_STOCKS
asx,BOQ_AU,AUS_STOCKS
asx,BOQ_AU,AUS_TEST
asx,BPT_AU,AUS_TEST
asx,BPT_AU,AUS_STOCKS
asx,BSL-X,AUS_STOCKS
asx,BSL_AU,AUS_STOCKS
asx,BSL_AU,AUS_TEST
asx,BXB_AU,AUS_TEST
asx,BXB_AU,AUS_STOCKS
asx,CAR_AU,AUS_TEST
asx,CAR_AU,AUS_STOCKS
asx,CBA_AU,AUS_STOCKS
asx,CBA_AU,AUS_TEST
asx,CHN_AU,AUS_TEST
asx,CHN_AU,AUS_STOCKS
asx,COL_AU,AUS_TEST
asx,COL_AU,AUS_STOCKS
asx,CPU_AU,AUS_STOCKS
asx,CPU_AU,AUS_TEST
asx,CSL_AU,AUS_STOCKS
asx,CSL_AU,AUS_TEST
asx,CSR_AU,AUS_TEST
asx,CSR_AU,AUS_STOCKS
asx,CTD_AU,AUS_TEST
asx,CTD_AU,AUS_STOCKS
asx,CWY_AU,AUS_TEST
asx,CWY_AU,AUS_STOCKS
asx,DMP_AU,AUS_STOCKS
asx,DMP_AU,AUS_TEST
asx,DNL_AU,AUS_STOCKS
asx,DRO_AU,AUS_STOCKS
asx,DRO_AU,AUS_TEST
asx,DXS_AU,AUS_STOCKS
asx,DXS_AU,AUS_TEST
asx,EDV_AU,AUS_TEST
asx,EDV_AU,AUS_STOCKS
asx,ES1,AUS_STOCKS
asx,EVN_AU,AUS_TEST
asx,EVN_AU,AUS_STOCKS
asx,FLT_AU,AUS_STOCKS
asx,FLT_AU,AUS_TEST
asx,FMG_AU,AUS_STOCKS
asx,FMG_AU,AUS_TEST
asx,FPH_AU,AUS_TEST
asx,FPH_AU,AUS_STOCKS
asx,GD1,AUS_STOCKS
asx,GD50,AUS_STOCKS
asx,GD_AU,AUS_STOCKS
asx,GMG_AU,AUS_TEST
asx,GMG_AU,AUS_STOCKS
asx,GOR_AU,AUS_TEST
asx,GOR_AU,AUS_STOCKS
asx,GPT_AU,AUS_STOCKS
asx,GPT_AU,AUS_TEST
asx,GYG_AU,AUS_STOCKS
asx,GYG_AU,AUS_TEST
asx,HUB_AU,AUS_TEST
asx,HUB_AU,AUS_STOCKS
asx,HVN_AU,AUS_TEST
asx,HVN_AU,AUS_STOCKS
asx,IAG_AU,AUS_STOCKS
asx,IAG_AU,AUS_TEST
asx,IEL_AU,AUS_TEST
asx,IEL_AU,AUS_STOCKS
asx,IFL_AU,AUS_TEST
asx,IFL_AU,AUS_STOCKS
asx,IGO_AU,AUS_TEST
asx,IGO_AU,AUS_STOCKS
asx,ILU_AU,AUS_TEST
asx,ILU_AU,AUS_STOCKS
asx,IPL_AU,AUS_STOCKS
asx,IPL_AU,AUS_TEST
asx,IVV_AU,AUS_STOCKS
asx,IVV_AU,AUS_TEST
asx,JBH-X,AUS_STOCKS
asx,JBH_AU,AUS_TEST
asx,JBH_AU,AUS_STOCKS
asx,JHX_AU,AUS_STOCKS
asx,JHX_AU,AUS_TEST
asx,LLC_AU,AUS_STOCKS
asx,LLC_AU,AUS_TEST
asx,LOV_AU,AUS_TEST
asx,LOV_AU,AUS_STOCKS
asx,LYC_AU,AUS_STOCKS
asx,LYC_AU,AUS_TEST
asx,M6A,AUS_STOCKS
asx,MGR_AU,AUS_STOCKS
asx,MGR_AU,AUS_TEST
asx,MIN_AU,AUS_STOCKS
asx,MIN_AU,AUS_TEST
asx,MMNQ,AUS_STOCKS
asx,MMSX,AUS_STOCKS
asx,MNDQ,AUS_STOCKS
asx,MNQ,AUS_STOCKS
asx,MPL_AU,AUS_TEST
asx,MPL_AU,AUS_STOCKS
asx,MQG_AU,AUS_STOCKS
asx,MQG_AU,AUS_TEST
asx,MSB_AU,AUS_STOCKS
asx,MSB_AU,AUS_TEST
asx,MSPX,AUS_STOCKS
asx,MTS_AU,AUS_TEST
asx,MTS_AU,AUS_STOCKS
asx,NAB_AU,AUS_STOCKS
asx,NAB_AU,AUS_TEST
asx,NCM_AU,AUS_TEST
asx,NDQ_AU,AUS_TEST
asx,NDQ_AU,AUS_STOCKS
asx,NEC-X,AUS_STOCKS
asx,NEC_AU,AUS_STOCKS
asx,NEC_AU,AUS_TEST
asx,NHC_AU,AUS_TEST
asx,NHC_AU,AUS_STOCKS
asx,NQ,AUS_STOCKS
asx,NST_AU,AUS_TEST
asx,NST_AU,AUS_STOCKS
asx,NWL_AU,AUS_TEST
asx,NWL_AU,AUS_STOCKS
asx,NXT_AU,AUS_TEST
asx,NXT_AU,AUS_STOCKS
asx,ORG_AU,AUS_TEST
asx,ORG_AU,AUS_STOCKS
asx,ORI_AU,AUS_STOCKS
asx,ORI_AU,AUS_TEST
asx,PBH-R,AUS_TEST
asx,PBH-R,AUS_STOCKS
asx,PBH_AU,AUS_TEST
asx,PDN_AU,AUS_TEST
asx,PDN_AU,AUS_STOCKS
asx,PLS_AU,AUS_TEST
asx,PLS_AU,AUS_STOCKS
asx,PNI_AU,AUS_STOCKS
asx,PNI_AU,AUS_TEST
asx,PRU_AU,AUS_TEST
asx,PRU_AU,AUS_STOCKS
asx,QAN-X,AUS_STOCKS
asx,QAN_AU,AUS_TEST
asx,QAN_AU,AUS_STOCKS
asx,QBE_AU,AUS_TEST
asx,QBE_AU,AUS_STOCKS
asx,QUB_AU,AUS_STOCKS
asx,QUB_AU,AUS_TEST
asx,REH_AU,AUS_STOCKS
asx,REH_AU,AUS_TEST
asx,RHC_AU,AUS_STOCKS
asx,RHC_AU,AUS_TEST
asx,RIO_AU,AUS_TEST
asx,RIO_AU,AUS_STOCKS
asx,RRL_AU,AUS_TEST
asx,RRL_AU,AUS_STOCKS
asx,S32_AU,AUS_STOCKS
asx,S32_AU,AUS_TEST
asx,SCG_AU,AUS_TEST
asx,SCG_AU,AUS_STOCKS
asx,SDF_AU,AUS_TEST
asx,SDF_AU,AUS_STOCKS
asx,SEK_AU,AUS_TEST
asx,SEK_AU,AUS_STOCKS
asx,SFR_AU,AUS_TEST
asx,SFR_AU,AUS_STOCKS
asx,SGH_AU,AUS_TEST
asx,SGH_AU,AUS_STOCKS
asx,SGM_AU,AUS_TEST
asx,SGM_AU,AUS_STOCKS
asx,SGP_AU,AUS_STOCKS
asx,SGP_AU,AUS_TEST
asx,SGR_AU,AUS_TEST
asx,SGR_AU,AUS_STOCKS
asx,SHL_AU,AUS_TEST
asx,SHL_AU,AUS_STOCKS
asx,SIG_AU,AUS_STOCKS
asx,SOL_AU,AUS_TEST
asx,SOL_AU,AUS_STOCKS
asx,STO_AU,AUS_TEST
asx,STO_AU,AUS_STOCKS
asx,STW_AU,AUS_TEST
asx,STW_AU,AUS_STOCKS
asx,SUN-X,AUS_STOCKS
asx,SUN_AU,AUS_STOCKS
asx,SUN_AU,AUS_TEST
asx,SVW_AU,AUS_STOCKS
asx,TAH_AU,AUS_STOCKS
asx,TAH_AU,AUS_TEST
asx,TCL_AU,AUS_TEST
asx,TCL_AU,AUS_STOCKS
asx,TLC_AU,AUS_STOCKS
asx,TLC_AU,AUS_TEST
asx,TLS_AU,AUS_STOCKS
asx,TLS_AU,AUS_TEST
asx,TLX_AU,AUS_STOCKS
asx,TLX_AU,AUS_TEST
asx,TNE_AU,AUS_STOCKS
asx,TNE_AU,AUS_TEST
asx,TPG-X,AUS_STOCKS
asx,TPG_AU,AUS_TEST
asx,TPG_AU,AUS_STOCKS
asx,TWE-R,AUS_STOCKS
asx,TWE_AU,AUS_TEST
asx,TWE_AU,AUS_STOCKS
asx,VAU_AU,AUS_STOCKS
asx,VAU_AU,AUS_TEST
asx,VGS_AU,AUS_STOCKS
asx,VGS_AU,AUS_TEST
asx,VUK_AU,AUS_STOCKS
asx,VUK_AU,AUS_TEST
asx,WBC_AU,AUS_TEST
asx,WBC_AU,AUS_STOCKS
asx,WDS_AU,AUS_TEST
asx,WDS_AU,AUS_STOCKS
asx,WES_AU,AUS_STOCKS
asx,WES_AU,AUS_TEST
asx,WHC_AU,AUS_STOCKS
asx,WHC_AU,AUS_TEST
asx,WOR_AU,AUS_STOCKS
asx,WOR_AU,AUS_TEST
asx,WOW_AU,AUS_TEST
asx,WOW_AU,AUS_STOCKS
asx,WTC_AU,AUS_TEST
asx,WTC_AU,AUS_STOCKS
asx,XRO_AU,AUS_TEST
asx,XRO_AU,AUS_STOCKS
asx,YAL_AU,AUS_STOCKS
asx,YAL_AU,AUS_TEST
asx,ZIP_AU,AUS_TEST
asx,ZIP_AU,AUS_STOCKS
asx,BN_AU,ELECTRICITY
asx,BQ_AU,ELECTRICITY
asx,BV_AU,ELECTRICITY
asx,EN_AU,ELECTRICITY
asx,EQ_AU,ELECTRICITY
asx,EV_AU,ELECTRICITY
asx,GN_AU,ELECTRICITY
asx,GQ_AU,ELECTRICITY
asx,GV_AU,ELECTRICITY
asx,HN_AU,ELECTRICITY
asx,HQ_AU,ELECTRICITY
asx,HS_AU,ELECTRICITY
asx,HV_AU,ELECTRICITY
asx,NSWQLD,ELECTRICITY
asx,NSWVIC,ELECTRICITY
asx,PN_AU,ELECTRICITY
asx,PQ_AU,ELECTRICITY
asx,PV_AU,ELECTRICITY
asx,QLDNSW,ELECTRICITY
asx,SAUVIC,ELECTRICITY
asx,VICNSW,ELECTRICITY
asx,VICSAU,ELECTRICITY
asx,BN_AU,MIRROR_ELECTRICITY
asx,BQ_AU,MIRROR_ELECTRICITY
asx,BV_AU,MIRROR_ELECTRICITY
asx,EN_AU,MIRROR_ELECTRICITY
asx,EQ_AU,MIRROR_ELECTRICITY
asx,EV_AU,MIRROR_ELECTRICITY
asx,GN_AU,MIRROR_ELECTRICITY
asx,GQ_AU,MIRROR_ELECTRICITY
asx,GV_AU,MIRROR_ELECTRICITY
asx,HN_AU,MIRROR_ELECTRICITY
asx,HQ_AU,MIRROR_ELECTRICITY
asx,HS_AU,MIRROR_ELECTRICITY
asx,HV_AU,MIRROR_ELECTRICITY
asx,NSWQLD,MIRROR_ELECTRICITY
asx,NSWVIC,MIRROR_ELECTRICITY
asx,PN_AU,MIRROR_ELECTRICITY
asx,PQ_AU,MIRROR_ELECTRICITY
asx,PV_AU,MIRROR_ELECTRICITY
asx,QLDNSW,MIRROR_ELECTRICITY
asx,SAUVIC,MIRROR_ELECTRICITY
asx,VICNSW,MIRROR_ELECTRICITY
asx,VICSAU,MIRROR_ELECTRICITY
asx,BN_AU,ELEC_MM
asx,BQ_AU,ELEC_MM
asx,BV_AU,ELEC_MM
asx,EN_AU,ELEC_MM
asx,EQ_AU,ELEC_MM
asx,EV_AU,ELEC_MM
asx,GN_AU,ELEC_MM
asx,GQ_AU,ELEC_MM
asx,GV_AU,ELEC_MM
asx,HN_AU,ELEC_MM
asx,HQ_AU,ELEC_MM
asx,HS_AU,ELEC_MM
asx,HV_AU,ELEC_MM
asx,PN_AU,ELEC_MM
asx,PQ_AU,ELEC_MM
asx,PV_AU,ELEC_MM
asx,EA_AU,ELEC_NZ
asx,ED_AU,ELEC_NZ
asx,EE_AU,ELEC_NZ
asx,EH_AU,ELEC_NZ
asx,AU30,AUS_TEST
asx,AU30,AUS_STOCKS
asx,AU90,AUS_STOCKS
asx,AU90,AUS_TEST
asx,KBLQ_EE,JPOWER
asx,KBLS_EE,JPOWER
asx,KBLY_EE,JPOWER
asx,KBL_EE,JPOWER
asx,KPKQ_EE,JPOWER
asx,KPKS_EE,JPOWER
asx,KPKY_EE,JPOWER
asx,KPK_EE,JPOWER
asx,TBLQ_EE,JPOWER
asx,TBLS_EE,JPOWER
asx,TBLY_EE,JPOWER
asx,TBL_EE,JPOWER
asx,TPKQ_EE,JPOWER
asx,TPKS_EE,JPOWER
asx,TPKY_EE,JPOWER
asx,TPK_EE,JPOWER
asx,AHS_HK,PROP_RJ
asx,ALTM_US,PROP_RJ
asx,ALT_US,PROP_RJ
asx,AMCR_US,PROP_RJ
asx,BABA_HK,PROP_RJ
asx,BABA_US,PROP_RJ
asx,BEI_HK,PROP_RJ
asx,BEKE_US,PROP_RJ
asx,BEK_HK,PROP_RJ
asx,BGNE_US,PROP_RJ
asx,BHP_US,PROP_RJ
asx,BID,PROP_RJ
asx,BILI_US,PROP_RJ
asx,BIU_HK,PROP_RJ
asx,BLI_HK,PROP_RJ
asx,CIA_AU,PROP_RJ
asx,CIA_CN,PROP_RJ
asx,CS_CN,PROP_RJ
asx,EDU_US,PROP_RJ
asx,GDS_HK,PROP_RJ
asx,GDS_US,PROP_RJ
asx,HHI,PROP_RJ
asx,HHU_HK,PROP_RJ
asx,HKB_HK,PROP_RJ
asx,HSBC_US,PROP_RJ
asx,HSI,PROP_RJ
asx,HTHT_US,PROP_RJ
asx,JDC_HK,PROP_RJ
asx,JD_US,PROP_RJ
asx,LAU_HK,PROP_RJ
asx,LIF_US,PROP_RJ
asx,LI_US,PROP_RJ
asx,MDJX,PROP_RJ
asx,MNDU,PROP_RJ
asx,MNSO_HK,PROP_RJ
asx,MNSO_US,PROP_RJ
asx,MRTY,PROP_RJ
asx,MSPX,PROP_RJ
asx,NEM,PROP_RJ
asx,NIO_HK,PROP_RJ
asx,NIO_US,PROP_RJ
asx,NOE_HK,PROP_RJ
asx,NTES,PROP_RJ
asx,NTE_HK,PROP_RJ
asx,NVDA,PROP_RJ
asx,NXE_CN,PROP_RJ
asx,PEN_HK,PROP_RJ
asx,PONY_US,PROP_RJ
asx,PRU_HK,PROP_RJ
asx,PYSDY_US,PROP_RJ
asx,RESMD,PROP_RJ
asx,RL2K,PROP_RJ
asx,SPX,PROP_RJ
asx,SQ2_AU,PROP_RJ
asx,SQ_US,PROP_RJ
asx,STC_HK,PROP_RJ
asx,TCEHY_US,PROP_RJ
asx,TCH_HK,PROP_RJ
asx,TCOM_US,PROP_RJ
asx,TP,PROP_RJ
asx,TRP_HK,PROP_RJ
asx,WB_HK,PROP_RJ
asx,WB_US,PROP_RJ
asx,WDS_US,PROP_RJ
asx,XPEV_US,PROP_RJ
asx,YAL_HK,PROP_RJ
asx,YUMC_US,PROP_RJ
asx,YUM_HK,PROP_RJ
asx,ZAI_HK,PROP_RJ
asx,ZLAB_US,PROP_RJ
asx,ZTO_HK,PROP_RJ
asx,ZTO_US,PROP_RJ
asx,MN,MIRROR_NIKKEI
asx,MC,MIRROR_NIKKEI
asx,NK,MIRROR_NIKKEI
asx,NS,MIRROR_NIKKEI
asx,N225,MIRROR_NIKKEI
asx,MN,NIKKEI
asx,NK,NIKKEI
asx,N225,NIKKEI
asx,MC,NIKKEI
asx,NS,NIKKEI
asx,NS,PROP_QM
asx,MC,PROP_QM
asx,NK,PROP_QM
asx,N225,PROP_QM
asx,MN,PROP_QM
asx,360_AU,PROP_RJ
asx,AMC_AU,PROP_RJ
asx,AUDCAD,PROP_RJ
asx,AUDHKD,PROP_RJ
asx,AUDUSD,PROP_RJ
asx,BHP_AU,PROP_RJ
asx,BLT,PROP_RJ
asx,CSC_AU,PROP_RJ
asx,ES_AU,PROP_RJ
asx,EURUSD,PROP_RJ
asx,FMG_AU,PROP_RJ
asx,FTSE,PROP_RJ
asx,GBPAUD,PROP_RJ
asx,GBPUSD,PROP_RJ
asx,GGP_AU,PROP_RJ
asx,HKDGBP,PROP_RJ
asx,HKDUSD,PROP_RJ
asx,HSB,PROP_RJ
asx,LNW_AU,PROP_RJ
asx,LNW_US,PROP_RJ
asx,LTM_AU,PROP_RJ
asx,MIN_AU,PROP_RJ
asx,MQG_AU,PROP_RJ
asx,NEM_AU,PROP_RJ
asx,NXG_AU,PROP_RJ
asx,PRU,PROP_RJ
asx,RIO_AU,PROP_RJ
asx,RMD_AU,PROP_RJ
asx,RTZ,PROP_RJ
asx,SCB,PROP_RJ
asx,VMUK,PROP_RJ
asx,VUK_AU,PROP_RJ
asx,WBC_AU,PROP_RJ
asx,WDS_AU,PROP_RJ
asx,WDS_LN,PROP_RJ
asx,WHC_AU,PROP_RJ
asx,AP,PROP_RJ
asx,YAL_AU,PROP_RJ
asx,ANZ_AU,PROP_SC
asx,AUDGBP,PROP_SC
asx,AUDUSD,PROP_SC
asx,BHP_AU,PROP_SC
asx,BHP_US,PROP_SC
asx,BLT,PROP_SC
asx,BSL_AU,PROP_SC
asx,CBA_AU,PROP_SC
asx,DTM_AU,PROP_SC
asx,FMG_AU,PROP_SC
asx,LNW,PROP_SC
asx,LNW_US,PROP_SC
asx,MAC,PROP_SC
asx,MAC_AU,PROP_SC
asx,MQG_AU,PROP_SC
asx,NAB_AU,PROP_SC
asx,NEM,PROP_SC
asx,NEM_AU,PROP_SC
asx,PDN_AU,PROP_SC
asx,RESMD,PROP_SC
asx,RIO_AU,PROP_SC
asx,RMD_AU,PROP_SC
asx,RTZ,PROP_SC
asx,S32_AU,PROP_SC
asx,S32_LN,PROP_SC
asx,S32_US,PROP_SC
asx,STO_AU,PROP_SC
asx,TLS_AU,PROP_SC
asx,VMUK,PROP_SC
asx,VRIO,PROP_SC
asx,VUK_AU,PROP_SC
asx,WBC_AU,PROP_SC
asx,WDS_AU,PROP_SC
asx,WDS_LN,PROP_SC
asx,WDS_US,PROP_SC
asx,AP,PROP_SC
asx,XJO,TEST_AUS_INDEX
asx,XJO_UN,TEST_AUS_INDEX
asx,AP,TEST_AUS_INDEX
omx,NOK,WHITE
omx,NOKI,WHITE
omx,COFFEEB,WHITE
omx,COFFEEB_SS,WHITE
omx,EMBRACB-X,WHITE
omx,ROCKB,WHITE
omx,ADDTB,WHITE
omx,ABBS-X,WHITE
omx,ORSTEDT-R,WHITE
omx,NOVA_SS,WHITE
omx,LIFCOB,WHITE
omx,VSURE_SS,WHITE
omx,ACLN_SW,WHITE
omx,BOLI,WHITE
omx,EPIA,WHITE
omx,ERIC,WHITE
omx,ISS,WHITE
omx,NOBA_SS,WHITE
omx,EVO_SS,WHITE
omx,ATCOB,WHITE
omx,AZA_SS,WHITE
omx,FINGB_ST,WHITE
omx,KINVB,WHITE
omx,FINGB_ST-X,WHITE
omx,GETARJ,WHITE
omx,INDUA,WHITE
omx,IPC,WHITE
omx,ALF,WHITE
omx,BONEX_SS,WHITE
omx,CARLB,WHITE
omx,DANSKE,WHITE
omx,DSV,WHITE
omx,FSPAA,WHITE
omx,GETIB,WHITE
omx,GMAB,WHITE
omx,GN,WHITE
omx,HLUNB,WHITE
omx,SAVE,WHITE
omx,SSABB,WHITE
omx,SYDB,WHITE
omx,NDA,WHITE
omx,LUMI,WHITE
omx,SEBA,WHITE
omx,NIBEB_SS,WHITE
omx,LUMISDB_ST,WHITE
omx,MICSDB_ST,WHITE
omx,MIC_SS,WHITE
omx,SAABB,WHITE
omx,SDVK,WHITE
omx,OMX,WHITE
omx,SCABX,WHITE
omx,VWS,WHITE
omx,HMB,WHITE
omx,ARJO,WHITE
omx,AKERBPO_SS,WHITE
omx,BILL_BTA,WHITE
omx,KINDSDB_SS,WHITE
omx,BILL_TR,WHITE
omx,EPIB,WHITE
omx,SKAB,WHITE
omx,SOBIV_ST,WHITE
omx,VNE_SS,WHITE
omx,SAS_SS,WHITE
omx,BETS,WHITE
omx,EKTAB,WHITE
omx,ELUX,WHITE
omx,HEXAB,WHITE
omx,INDUC,WHITE
omx,INVEB,WHITE
omx,SECUB,WHITE
omx,SINCH_SS,WHITE
omx,SKFABB,WHITE
omx,SSABA,WHITE
omx,TEL2B,WHITE
omx,TLSN,WHITE
omx,TRLB,WHITE
omx,SWMA,WHITE
omx,VOLCARB_SS-R,WHITE
omx,VOLV,WHITE
omx,VOLCARB_SS,WHITE
omx,8TRA_SS,WHITE
omx,ASSAB,WHITE
omx,ATCOA,WHITE
omx,AZNS,WHITE
omx,NOVOB,WHITE
omx,EQT_SS,WHITE
omx,FABG,WHITE
omx,SHBA,WHITE
omx,OMX,EXPIRY
omx,NSISB,WHITE
omx,ESSITY,WHITE
omx,ORSTED,WHITE
omx,SCAB,WHITE
omx,BETSR,WHITE
omx,SBBB_SS,WHITE
omx,ABBS,WHITE
omx,ASMDEE_SS,WHITE
omx,BILL_ST,WHITE
omx,CAST,WHITE
omx,DOM_SS,WHITE
omx,EMBRACB,WHITE
omx,HUSQB,WHITE
omx,MAERSKB,WHITE
omx,HPOLB,WHITE
omx,PNDORA,WHITE
omx,TRYG,WHITE
ice,CL,EUPOWER
ice,TTF,EUPOWER
ice,TTF,JNR_EUPOWER
ice,TTF,FAKE_EUPOWER
ice,ECB_ESTR,EURORATES
ice,ESTR-MID2,EURORATES
ice,ESTR-MID3,EURORATES
ice,ESTR-MID,EURORATES
ice,ESTR,EURORATES
ice,EURIBOR-MID2,EURORATES
ice,EURIBOR-MID2,JNR_FIPROP_BAS
ice,EURIBOR-MID2,FIPROP_BAS
ice,EURIBOR-MID3,FIPROP_BAS
ice,EURIBOR-MID3,EURORATES
ice,EURIBOR-MID4,EURORATES
ice,EURIBOR-MID,EURORATES
ice,EURIBOR-MID,JNR_FIPROP_BAS
ice,EURIBOR-MID,FIPROP_BAS
ice,EURIBOR,EURORATES
ice,EURIBOR,JNR_FIPROP_BAS
ice,EURIBOR,FIPROP_BAS
ice,EURIBOR,EURORATES_VT
ice,EURIBOR-MID,EURORATES_VT
ice,EURIBOR-MID2,EURORATES_VT
ice,EURIBOR-MID3,EURORATES_VT
ice,EURIBOR-MID4,EURORATES_VT
ice,EURIBOR,MIRROR_EURORATES
ice,EURIBOR-MID,MIRROR_EURORATES
ice,EURIBOR-MID2,MIRROR_EURORATES
ice,EURIBOR-MID3,MIRROR_EURORATES
ice,EURIBOR-MID4,MIRROR_EURORATES
ice,EURIBOR,MOCK_EURORATES
ice,EURIBOR-MID,MOCK_EURORATES
ice,EURIBOR-MID2,MOCK_EURORATES
ice,EURIBOR-MID3,MOCK_EURORATES
ice,EURIBOR,RISK_EURORATES
ice,EURIBOR-MID,RISK_EURORATES
ice,EURIBOR-MID2,RISK_EURORATES
ice,EURIBOR-MID3,RISK_EURORATES
ice,EURIBOR-MID4,RISK_EURORATES
ice,ESTR-MID2,FAKE_EURORATES
ice,ESTR-MID3,FAKE_EURORATES
ice,ESTR-MID,FAKE_EURORATES
ice,ESTR,FAKE_EURORATES
ice,EURIBOR-MID2,FAKE_EURORATES
ice,EURIBOR-MID3,FAKE_EURORATES
ice,EURIBOR-MID4,FAKE_EURORATES
ice,EURIBOR-MID,FAKE_EURORATES
ice,EURIBOR,FAKE_EURORATES
ice,STIR,FAKE_UKRATES
ice,STIR-MID,FAKE_UKRATES
ice,STIR-MID2,FAKE_UKRATES
ice,STIR-MID3,FAKE_UKRATES
ice,STIR-MID4,FAKE_UKRATES
ice,SONIA,FAKE_UKRATES
ice,GILT,FIXEDINCOME_BAS_FAKEFIX
ice,SONIA-MID,FIPROP_BAS
ice,SONIA-MID2,FIPROP_BAS
ice,SONIA-MID3,FIPROP_BAS
ice,GILT,FIPROP_BAS
ice,SONIA-MID,FIXEDINCOME_BAS_FAKEFIX
ice,GILT,FIXVT_BAS
ice,SONIA-MID,FIXVT_BAS
ice,SONIA-MID2,FIXVT_BAS
ice,SONIA-MID3,FIXVT_BAS
ice,EUA,FIPROP_BAS
ice,SONIA,FIXVT_BAS
ice,AHT,STOCKS_UK
ice,ANG,STOCKS_UK
ice,ANG100,STOCKS_UK
ice,ANG-X,STOCKS_UK
ice,ANTO,STOCKS_UK
ice,ASBF,STOCKS_UK
ice,AZN,STOCKS_UK
ice,BAE100,STOCKS_UK
ice,BAE,STOCKS_UK
ice,BBL,STOCKS_UK
ice,BBL100,STOCKS_UK
ice,BDEV,STOCKS_UK
ice,BLND,STOCKS_UK
ice,BLT,STOCKS_UK
ice,BNZL,STOCKS_UK
ice,BP,STOCKS_UK
ice,BRBY,STOCKS_UK
ice,BTG,STOCKS_UK
ice,BTG100,STOCKS_UK
ice,CPG,STOCKS_UK
ice,CTR,STOCKS_UK
ice,CUA,STOCKS_UK
ice,DGE,STOCKS_UK
ice,DGE100,STOCKS_UK
ice,EMG,STOCKS_UK
ice,EXPN,STOCKS_UK
ice,EZJ,STOCKS_UK
ice,EZJ100,STOCKS_UK
ice,FLTR,STOCKS_UK
ice,FRESN,STOCKS_UK
ice,FTSE,STOCKS_UK
ice,GLEN100,STOCKS_UK
ice,GLEN,STOCKS_UK
ice,GXO,STOCKS_UK
ice,GXO100,STOCKS_UK
ice,GXO-X,STOCKS_UK
ice,HLN,STOCKS_UK
ice,HRGV,STOCKS_UK
ice,HSB100,STOCKS_UK
ice,HSB,STOCKS_UK
ice,ICAG,STOCKS_UK
ice,ICAG100,STOCKS_UK
ice,IH,STOCKS_UK
ice,IMP,STOCKS_UK
ice,ITV,STOCKS_UK
ice,JMAT,STOCKS_UK
ice,LGN,STOCKS_UK
ice,LS,STOCKS_UK
ice,LSE,STOCKS_UK
ice,MICC,STOCKS_UK
ice,MKS100,STOCKS_UK
ice,MKS,STOCKS_UK
ice,MNG,STOCKS_UK
ice,NGG,STOCKS_UK
ice,NXT,STOCKS_UK
ice,OCDO,STOCKS_UK
ice,POC,STOCKS_UK
ice,PRU,STOCKS_UK
ice,PSN_LN,STOCKS_UK
ice,RB,STOCKS_UK
ice,RBS,STOCKS_UK
ice,RDSB,STOCKS_UK
ice,RDSB100,STOCKS_UK
ice,RMG,STOCKS_UK
ice,RR100,STOCKS_UK
ice,RR,STOCKS_UK
ice,RTZ,STOCKS_UK
ice,RTZ100,STOCKS_UK
ice,RTZ-X,STOCKS_UK
ice,SAN,STOCKS_UK
ice,SAN-X,STOCKS_UK
ice,SCB100,STOCKS_UK
ice,SCB,STOCKS_UK
ice,SSE,STOCKS_UK
ice,SVT,STOCKS_UK
ice,TAB,STOCKS_UK
ice,TAB100,STOCKS_UK
ice,TGA_LN,STOCKS_UK
ice,TLW,STOCKS_UK
ice,TSB-X,STOCKS_UK
ice,TSCO100,STOCKS_UK
ice,TSCO,STOCKS_UK
ice,ULVR,STOCKS_UK
ice,ULVR-X,STOCKS_UK
ice,UU,STOCKS_UK
ice,VOD100,STOCKS_UK
ice,VOD,STOCKS_UK
ice,WPP,STOCKS_UK
ice,WTB,STOCKS_UK
ice,SONIA,MIRROR_UKRATES
ice,SONIA-MID2,MIRROR_UKRATES
ice,SONIA-MID3,MIRROR_UKRATES
ice,SONIA-MID,MIRROR_UKRATES
ice,ECB_ESTR,SE_PROP
ice,ESTR,SE_PROP
ice,ESTR-ERBR,SE_PROP
ice,ESTR-MID,SE_PROP
ice,ESTR-MID2,SE_PROP
ice,ESTR-MID3,SE_PROP
ice,EURIBOR,SE_PROP
ice,EURIBOR-MID,SE_PROP
ice,EURIBOR-MID2,SE_PROP
ice,EURIBOR-MID3,SE_PROP
ice,EURIBOR-MID4,SE_PROP
ice,MPC_SONIA,SE_PROP
ice,SONIA,SE_PROP
ice,SONIA-MID,SE_PROP
ice,SONIA-MID2,SE_PROP
ice,SONIA-MID3,SE_PROP
ice,SONIA,FIXEDINCOME_BAS_FAKEFIX
ice,MPC_SONIA,FIPROP_BAS
ice,SONIA,FIPROP_BAS
ice,STIR,UKRATES
ice,STIR-MID,UKRATES
ice,STIR-MID2,UKRATES
ice,STIR-MID3,UKRATES
ice,STIR-MID4,UKRATES
ice,SONIA,UKRATES_VT
ice,SONIA-MID,UKRATES_VT
ice,SONIA-MID2,UKRATES_VT
ice,SONIA-MID2,UKRATES
ice,SONIA-MID2,FAKE_UKRATES
ice,SONIA-MID3,UKRATES_VT
ice,SONIA-MID3,UKRATES
ice,SONIA-MID3,FAKE_UKRATES
ice,SONIA,UKRATES
ice,SONIA,JNR_FIPROP_BAS
ice,SONIA,EURORATES_SONIA
ice,SONIA-MID,UKRATES
ice,SONIA-MID,FAKE_UKRATES
